HUMAN,Monday A BHS,Monday A Red,Monday A Blue,Tuesday A BHS,Tuesday  A Red,Tuesday A Blue,Wednesday A BHS,Wednesday A Red,Wednesday A Blue,Thursday A BHS,Thursday A Red,Thursday A Blue,Friday A BHS,Friday A Red,Friday A Blue,Monday B BHS,Monday B Red,Monday B Blue,Tuesday B BHS,Tuesday B Red,Tuesday B Blue,Wednesday B BHS,Wednesday B Red,Wednesday B Blue,Thursday B BHS,Thursday B Red,Thursday B Blue,Friday B  BHS,Friday B Red,Friday B Blue
7:30 AM,Z1,Z1,,Z2,,,Z3,Z3,,Z4,Z4,,Z5,Z5,,Z6,Z6,,Z7,Z7,,Z8,Z8,,,,,Z9,Z9,
7:31 AM,Z1,Z1,,Z2,,,Z3,Z3,,Z4,Z4,,Z5,Z5,,Z6,Z6,,Z7,Z7,,Z8,Z8,,,,,Z9,Z9,
7:32 AM,Z1,Z1,,Z2,,,Z3,Z3,,Z4,Z4,,Z5,Z5,,Z6,Z6,,Z7,Z7,,Z8,Z8,,,,,Z9,Z9,
7:33 AM,Z1,Z1,,Z2,,,Z3,Z3,,Z4,Z4,,Z5,Z5,,Z6,Z6,,Z7,Z7,,Z8,Z8,,,,,Z9,Z9,
7:34 AM,Z1,Z1,,Z2,,,Z3,Z3,,Z4,Z4,,Z5,Z5,,Z6,Z6,,Z7,Z7,,Z8,Z8,,,,,Z9,Z9,
7:35 AM,Z1,Z1,,Z2,,,Z3,Z3,,Z4,Z4,,Z5,Z5,,Z6,Z6,,Z7,Z7,,Z8,Z8,,,,,Z9,Z9,
7:36 AM,Z1,Z1,,Z2,,,Z3,Z3,,Z4,Z4,,Z5,Z5,,Z6,Z6,,Z7,Z7,,Z8,Z8,,,,,Z9,Z9,
7:37 AM,Z1,Z1,,Z2,,,Z3,Z3,,Z4,Z4,,Z5,Z5,,Z6,Z6,,Z7,Z7,,Z8,Z8,,,,,Z9,Z9,
7:38 AM,Z1,Z1,,Z2,,,Z3,Z3,,Z4,Z4,,Z5,Z5,,Z6,Z6,,Z7,Z7,,Z8,Z8,,,,,Z9,Z9,
7:39 AM,Z1,Z1,,Z2,,,Z3,Z3,,Z4,Z4,,Z5,Z5,,Z6,Z6,,Z7,Z7,,Z8,Z8,,,,,Z9,Z9,
7:40 AM,Z1,Z1,,Z2,,,Z3,Z3,,Z4,Z4,,Z5,Z5,,Z6,Z6,,Z7,Z7,,Z8,Z8,,,,,Z9,Z9,
7:41 AM,Z1,Z1,,Z2,,,Z3,Z3,,Z4,Z4,,Z5,Z5,,Z6,Z6,,Z7,Z7,,Z8,Z8,,,,,Z9,Z9,
7:42 AM,Z1,Z1,,Z2,,,Z3,Z3,,Z4,Z4,,Z5,Z5,,Z6,Z6,,Z7,Z7,,Z8,Z8,,,,,Z9,Z9,
7:43 AM,Z1,Z1,,Z2,,,Z3,Z3,,Z4,Z4,,Z5,Z5,,Z6,Z6,,Z7,Z7,,Z8,Z8,,,,,Z9,Z9,
7:44 AM,Z1,Z1,,Z2,,,Z3,Z3,,Z4,Z4,,Z5,Z5,,Z6,Z6,,Z7,Z7,,Z8,Z8,,,,,Z9,Z9,
7:45 AM,Z1,Z1,,Z2,,,Z3,Z3,,Z4,Z4,,Z5,Z5,,Z6,Z6,,Z7,Z7,,Z8,Z8,,,,,Z9,Z9,
7:46 AM,Z1,Z1,,Z2,,,Z3,Z3,,Z4,Z4,,Z5,Z5,,Z6,Z6,,Z7,Z7,,Z8,Z8,,,,,Z9,Z9,
7:47 AM,Z1,Z1,,Z2,,,Z3,Z3,,Z4,Z4,,Z5,Z5,,Z6,Z6,,Z7,Z7,,Z8,Z8,,,,,Z9,Z9,
7:48 AM,Z1,Z1,,Z2,,,Z3,Z3,,Z4,Z4,,Z5,Z5,,Z6,Z6,,Z7,Z7,,Z8,Z8,,,,,Z9,Z9,
7:49 AM,Z1,Z1,,Z2,,,Z3,Z3,,Z4,Z4,,Z5,Z5,,Z6,Z6,,Z7,Z7,,Z8,Z8,,,,,Z9,Z9,
7:50 AM,Z1,Z1,,Z2,,,Z3,Z3,,Z4,Z4,,Z5,Z5,,Z6,Z6,,Z7,Z7,,Z8,Z8,,,,,Z9,Z9,
7:51 AM,Z1,Z1,,Z2,,,Z3,Z3,,Z4,Z4,,Z5,Z5,,Z6,Z6,,Z7,Z7,,Z8,Z8,,,,,Z9,Z9,
7:52 AM,Z1,Z1,,Z2,,,Z3,Z3,,Z4,Z4,,Z5,Z5,,Z6,Z6,,Z7,Z7,,Z8,Z8,,,,,Z9,Z9,
7:53 AM,Z1,Z1,,Z2,,,Z3,Z3,,Z4,Z4,,Z5,Z5,,Z6,Z6,,Z7,Z7,,Z8,Z8,,,,,Z9,Z9,
7:54 AM,Z1,Z1,,Z2,,,Z3,Z3,,Z4,Z4,,Z5,Z5,,Z6,Z6,,Z7,Z7,,Z8,Z8,,,,,Z9,Z9,
7:55 AM,Z1,Z1,,Z2,,,Z3,Z3,,Z4,Z4,,Z5,Z5,,Z6,Z6,,Z7,Z7,,Z8,Z8,,,,,Z9,Z9,
7:56 AM,Z1,Z1,,Z2,,,Z3,Z3,,Z4,Z4,,Z5,Z5,,Z6,Z6,,Z7,Z7,,Z8,Z8,,,,,Z9,Z9,
7:57 AM,Z1,Z1,,Z2,,,Z3,Z3,,Z4,Z4,,Z5,Z5,,Z6,Z6,,Z7,Z7,,Z8,Z8,,,,,Z9,Z9,
7:58 AM,Z1,Z1,,Z2,,,Z3,Z3,,Z4,Z4,,Z5,Z5,,Z6,Z6,,Z7,Z7,,Z8,Z8,,,,,Z9,Z9,
7:59 AM,Z1,Z1,,Z2,,,Z3,Z3,,Z4,Z4,,Z5,Z5,,Z6,Z6,,Z7,Z7,,Z8,Z8,,,,,Z9,Z9,
8:00 AM,Z1,Z1,A1,Z2,,C1,Z3,Z3,A2,Z4,Z4,,Z5,Z5,B4,Z6,Z6,A4,Z7,Z7,B5,Z8,Z8,A6,,,,Z9,Z9,
8:01 AM,Z1,Z1,A1,Z2,,C1,Z3,Z3,A2,Z4,Z4,,Z5,Z5,B4,Z6,Z6,A4,Z7,Z7,B5,Z8,Z8,A6,,,,Z9,Z9,
8:02 AM,Z1,Z1,A1,Z2,,C1,Z3,Z3,A2,Z4,Z4,,Z5,Z5,B4,Z6,Z6,A4,Z7,Z7,B5,Z8,Z8,A6,,,,Z9,Z9,
8:03 AM,Z1,Z1,A1,Z2,,C1,Z3,Z3,A2,Z4,Z4,,Z5,Z5,B4,Z6,Z6,A4,Z7,Z7,B5,Z8,Z8,A6,,,,Z9,Z9,
8:04 AM,Z1,Z1,A1,Z2,,C1,Z3,Z3,A2,Z4,Z4,,Z5,Z5,B4,Z6,Z6,A4,Z7,Z7,B5,Z8,Z8,A6,,,,Z9,Z9,
8:05 AM,Z1,Z1,A1,Z2,,C1,Z3,Z3,A2,Z4,Z4,,Z5,Z5,B4,Z6,Z6,A4,Z7,Z7,B5,Z8,Z8,A6,,,,Z9,Z9,
8:06 AM,Z1,Z1,A1,Z2,,C1,Z3,Z3,A2,Z4,Z4,,Z5,Z5,B4,Z6,Z6,A4,Z7,Z7,B5,Z8,Z8,A6,,,,Z9,Z9,
8:07 AM,Z1,Z1,A1,Z2,,C1,Z3,Z3,A2,Z4,Z4,,Z5,Z5,B4,Z6,Z6,A4,Z7,Z7,B5,Z8,Z8,A6,,,,Z9,Z9,
8:08 AM,Z1,Z1,A1,Z2,,C1,Z3,Z3,A2,Z4,Z4,,Z5,Z5,B4,Z6,Z6,A4,Z7,Z7,B5,Z8,Z8,A6,,,,Z9,Z9,
8:09 AM,Z1,Z1,A1,Z2,,C1,Z3,Z3,A2,Z4,Z4,,Z5,Z5,B4,Z6,Z6,A4,Z7,Z7,B5,Z8,Z8,A6,,,,Z9,Z9,
8:10 AM,Z1,Z1,A1,Z2,,C1,Z3,Z3,A2,Z4,Z4,,Z5,Z5,B4,Z6,Z6,A4,Z7,Z7,B5,Z8,Z8,A6,FC,FC,FC,Z9,Z9,
8:11 AM,Z1,Z1,A1,Z2,,C1,Z3,Z3,A2,Z4,Z4,,Z5,Z5,B4,Z6,Z6,A4,Z7,Z7,B5,Z8,Z8,A6,FC,FC,FC,Z9,Z9,
8:12 AM,Z1,Z1,A1,Z2,,C1,Z3,Z3,A2,Z4,Z4,,Z5,Z5,B4,Z6,Z6,A4,Z7,Z7,B5,Z8,Z8,A6,FC,FC,FC,Z9,Z9,
8:13 AM,Z1,Z1,A1,Z2,,C1,Z3,Z3,A2,Z4,Z4,,Z5,Z5,B4,Z6,Z6,A4,Z7,Z7,B5,Z8,Z8,A6,FC,FC,FC,Z9,Z9,
8:14 AM,Z1,Z1,A1,Z2,,C1,Z3,Z3,A2,Z4,Z4,,Z5,Z5,B4,Z6,Z6,A4,Z7,Z7,B5,Z8,Z8,A6,FC,FC,FC,Z9,Z9,
8:15 AM,P,P,A1,P,,C1,P,P,A2,P,P,,Z5,Z5,B4,P,P,A4,P,P,B5,P,P,A6,FC,FC,FC,Z9,Z9,A7
8:16 AM,P,P,A1,P,,C1,P,P,A2,P,P,,Z5,Z5,B4,P,P,A4,P,P,B5,P,P,A6,FC,FC,FC,Z9,Z9,A7
8:17 AM,P,P,A1,P,,C1,P,P,A2,P,P,,Z5,Z5,B4,P,P,A4,P,P,B5,P,P,A6,FC,FC,FC,Z9,Z9,A7
8:18 AM,P,P,A1,P,,C1,P,P,A2,P,P,,Z5,Z5,B4,P,P,A4,P,P,B5,P,P,A6,FC,FC,FC,Z9,Z9,A7
8:19 AM,P,P,A1,P,,C1,P,P,A2,P,P,,Z5,Z5,B4,P,P,A4,P,P,B5,P,P,A6,FC,FC,FC,Z9,Z9,A7
8:20 AM,A1,A1,A1,C1,C1,C1,A2,A2,A2,B3,B3,,Z5,Z5,B4,A4,A4,A4,A5,A5,B5,A6,A6,A6,FC,FC,FC,Z9,Z9,A7
8:21 AM,A1,A1,A1,C1,C1,C1,A2,A2,A2,B3,B3,,Z5,Z5,B4,A4,A4,A4,A5,A5,B5,A6,A6,A6,FC,FC,FC,Z9,Z9,A7
8:22 AM,A1,A1,A1,C1,C1,C1,A2,A2,A2,B3,B3,,Z5,Z5,B4,A4,A4,A4,A5,A5,B5,A6,A6,A6,FC,FC,FC,Z9,Z9,A7
8:23 AM,A1,A1,A1,C1,C1,C1,A2,A2,A2,B3,B3,,Z5,Z5,B4,A4,A4,A4,A5,A5,B5,A6,A6,A6,FC,FC,FC,Z9,Z9,A7
8:24 AM,A1,A1,A1,C1,C1,C1,A2,A2,A2,B3,B3,,Z5,Z5,B4,A4,A4,A4,A5,A5,B5,A6,A6,A6,FC,FC,FC,Z9,Z9,A7
8:25 AM,A1,A1,A1,C1,C1,C1,A2,A2,A2,B3,B3,B3,P,P,B4,A4,A4,A4,A5,A5,B5,A6,A6,A6,FC,FC,FC,P,P,A7
8:26 AM,A1,A1,A1,C1,C1,C1,A2,A2,A2,B3,B3,B3,P,P,B4,A4,A4,A4,A5,A5,B5,A6,A6,A6,FC,FC,FC,P,P,A7
8:27 AM,A1,A1,A1,C1,C1,C1,A2,A2,A2,B3,B3,B3,P,P,B4,A4,A4,A4,A5,A5,B5,A6,A6,A6,FC,FC,FC,P,P,A7
8:28 AM,A1,A1,A1,C1,C1,C1,A2,A2,A2,B3,B3,B3,P,P,B4,A4,A4,A4,A5,A5,B5,A6,A6,A6,FC,FC,FC,P,P,A7
8:29 AM,A1,A1,A1,C1,C1,C1,A2,A2,A2,B3,B3,B3,P,P,B4,A4,A4,A4,A5,A5,B5,A6,A6,A6,FC,FC,FC,P,P,A7
8:30 AM,A1,A1,A1,C1,C1,C1,A2,A2,A2,B3,B3,B3,B4,B4,B4,A4,A4,A4,A5,A5,B5,A6,A6,A6,FC,FC,FC,A7,A7,A7
8:31 AM,A1,A1,A1,C1,C1,C1,A2,A2,A2,B3,B3,B3,B4,B4,B4,A4,A4,A4,A5,A5,B5,A6,A6,A6,FC,FC,FC,A7,A7,A7
8:32 AM,A1,A1,A1,C1,C1,C1,A2,A2,A2,B3,B3,B3,B4,B4,B4,A4,A4,A4,A5,A5,B5,A6,A6,A6,FC,FC,FC,A7,A7,A7
8:33 AM,A1,A1,A1,C1,C1,C1,A2,A2,A2,B3,B3,B3,B4,B4,B4,A4,A4,A4,A5,A5,B5,A6,A6,A6,FC,FC,FC,A7,A7,A7
8:34 AM,A1,A1,A1,C1,C1,C1,A2,A2,A2,B3,B3,B3,B4,B4,B4,A4,A4,A4,A5,A5,B5,A6,A6,A6,FC,FC,FC,A7,A7,A7
8:35 AM,A1,A1,A1,C1,C1,C1,A2,A2,A2,B3,B3,B3,B4,B4,B4,A4,A4,A4,A5,A5,B5,A6,A6,A6,FC,FC,FC,A7,A7,A7
8:36 AM,A1,A1,A1,C1,C1,C1,A2,A2,A2,B3,B3,B3,B4,B4,B4,A4,A4,A4,A5,A5,B5,A6,A6,A6,FC,FC,FC,A7,A7,A7
8:37 AM,A1,A1,A1,C1,C1,C1,A2,A2,A2,B3,B3,B3,B4,B4,B4,A4,A4,A4,A5,A5,B5,A6,A6,A6,FC,FC,FC,A7,A7,A7
8:38 AM,A1,A1,A1,C1,C1,C1,A2,A2,A2,B3,B3,B3,B4,B4,B4,A4,A4,A4,A5,A5,B5,A6,A6,A6,FC,FC,FC,A7,A7,A7
8:39 AM,A1,A1,A1,C1,C1,C1,A2,A2,A2,B3,B3,B3,B4,B4,B4,A4,A4,A4,A5,A5,B5,A6,A6,A6,FC,FC,FC,A7,A7,A7
8:40 AM,A1,A1,A1,C1,C1,C1,A2,A2,A2,B3,B3,B3,B4,B4,B4,A4,A4,A4,A5,A5,B5,A6,A6,A6,FC,FC,FC,A7,A7,A7
8:41 AM,A1,A1,A1,C1,C1,C1,A2,A2,A2,B3,B3,B3,B4,B4,B4,A4,A4,A4,A5,A5,B5,A6,A6,A6,FC,FC,FC,A7,A7,A7
8:42 AM,A1,A1,A1,C1,C1,C1,A2,A2,A2,B3,B3,B3,B4,B4,B4,A4,A4,A4,A5,A5,B5,A6,A6,A6,FC,FC,FC,A7,A7,A7
8:43 AM,A1,A1,A1,C1,C1,C1,A2,A2,A2,B3,B3,B3,B4,B4,B4,A4,A4,A4,A5,A5,B5,A6,A6,A6,FC,FC,FC,A7,A7,A7
8:44 AM,A1,A1,A1,C1,C1,C1,A2,A2,A2,B3,B3,B3,B4,B4,B4,A4,A4,A4,A5,A5,B5,A6,A6,A6,FC,FC,FC,A7,A7,A7
8:45 AM,A1,A1,A1,C1,C1,C1,A2,A2,A2,B3,B3,B3,B4,B4,B4,A4,A4,A4,A5,A5,B5,A6,A6,A6,FC,FC,FC,A7,A7,A7
8:46 AM,A1,A1,A1,C1,C1,C1,A2,A2,A2,B3,B3,B3,B4,B4,B4,A4,A4,A4,A5,A5,B5,A6,A6,A6,FC,FC,FC,A7,A7,A7
8:47 AM,A1,A1,A1,C1,C1,C1,A2,A2,A2,B3,B3,B3,B4,B4,B4,A4,A4,A4,A5,A5,B5,A6,A6,A6,FC,FC,FC,A7,A7,A7
8:48 AM,A1,A1,A1,C1,C1,C1,A2,A2,A2,B3,B3,B3,B4,B4,B4,A4,A4,A4,A5,A5,B5,A6,A6,A6,FC,FC,FC,A7,A7,A7
8:49 AM,A1,A1,A1,C1,C1,C1,A2,A2,A2,B3,B3,B3,B4,B4,B4,A4,A4,A4,A5,A5,B5,A6,A6,A6,FC,FC,FC,A7,A7,A7
8:50 AM,A1,A1,A1,C1,C1,C1,A2,A2,A2,B3,B3,B3,B4,B4,B4,A4,A4,A4,A5,A5,B5,A6,A6,A6,FC,FC,FC,A7,A7,A7
8:51 AM,A1,A1,A1,C1,C1,C1,A2,A2,A2,B3,B3,B3,B4,B4,B4,A4,A4,A4,A5,A5,B5,A6,A6,A6,FC,FC,FC,A7,A7,A7
8:52 AM,A1,A1,A1,C1,C1,C1,A2,A2,A2,B3,B3,B3,B4,B4,B4,A4,A4,A4,A5,A5,B5,A6,A6,A6,FC,FC,FC,A7,A7,A7
8:53 AM,A1,A1,A1,C1,C1,C1,A2,A2,A2,B3,B3,B3,B4,B4,B4,A4,A4,A4,A5,A5,B5,A6,A6,A6,FC,FC,FC,A7,A7,A7
8:54 AM,A1,A1,A1,C1,C1,C1,A2,A2,A2,B3,B3,B3,B4,B4,B4,A4,A4,A4,A5,A5,B5,A6,A6,A6,FC,FC,FC,A7,A7,A7
8:55 AM,A1,A1,A1,C1,C1,C1,A2,A2,P,B3,B3,B3,B4,B4,P,A4,A4,A4,A5,A5,B5,A6,A6,A6,FC,FC,FC,A7,A7,A7
8:56 AM,A1,A1,A1,C1,C1,C1,A2,A2,P,B3,B3,B3,B4,B4,P,A4,A4,A4,A5,A5,B5,A6,A6,A6,FC,FC,FC,A7,A7,A7
8:57 AM,A1,A1,A1,C1,C1,C1,A2,A2,P,B3,B3,B3,B4,B4,P,A4,A4,A4,A5,A5,B5,A6,A6,A6,FC,FC,FC,A7,A7,A7
8:58 AM,A1,A1,A1,C1,C1,C1,A2,A2,P,B3,B3,B3,B4,B4,P,A4,A4,A4,A5,A5,B5,A6,A6,A6,FC,FC,FC,A7,A7,A7
8:59 AM,A1,A1,A1,C1,C1,C1,A2,A2,B2,B3,B3,B3,B4,B4,C3,A4,A4,A4,A5,A5,B5,A6,A6,A6,FC,FC,FC,A7,A7,A7
9:00 AM,A1,A1,P,C1,C1,C1,A2,A2,B2,B3,B3,B3,B4,B4,C3,A4,A4,P,A5,A5,B5,A6,A6,P,FC,FC,FC,A7,A7,A7
9:01 AM,A1,A1,P,C1,C1,C1,A2,A2,B2,B3,B3,B3,B4,B4,C3,A4,A4,P,A5,A5,B5,A6,A6,P,FC,FC,FC,A7,A7,A7
9:02 AM,A1,A1,P,C1,C1,C1,A2,A2,B2,B3,B3,B3,B4,B4,C3,A4,A4,P,A5,A5,B5,A6,A6,P,FC,FC,FC,A7,A7,A7
9:03 AM,A1,A1,P,C1,C1,C1,A2,A2,B2,B3,B3,B3,B4,B4,C3,A4,A4,P,A5,A5,B5,A6,A6,P,FC,FC,FC,A7,A7,A7
9:04 AM,A1,A1,B1,C1,C1,C1,A2,A2,B2,B3,B3,B3,B4,B4,C3,A4,A4,T3,A5,A5,B5,A6,A6,P,FC,FC,FC,A7,A7,A7
9:05 AM,A1,A1,B1,C1,C1,C1,A2,A2,B2,B3,B3,B3,B4,B4,C3,A4,A4,T3,A5,A5,P,A6,A6,B6,FC,FC,FC,A7,A7,A7
9:06 AM,A1,A1,B1,C1,C1,C1,A2,A2,B2,B3,B3,B3,B4,B4,C3,A4,A4,T3,A5,A5,P,A6,A6,B6,FC,FC,FC,A7,A7,A7
9:07 AM,A1,A1,B1,C1,C1,C1,A2,A2,B2,B3,B3,B3,B4,B4,C3,A4,A4,T3,A5,A5,P,A6,A6,B6,FC,FC,FC,A7,A7,A7
9:08 AM,A1,A1,B1,C1,C1,C1,A2,A2,B2,B3,B3,B3,B4,B4,C3,A4,A4,T3,A5,A5,P,A6,A6,B6,FC,FC,FC,A7,A7,A7
9:09 AM,A1,A1,B1,C1,C1,C1,A2,A2,B2,B3,B3,B3,B4,B4,C3,A4,A4,T3,A5,A5,P,A6,A6,B6,FC,FC,FC,A7,A7,A7
9:10 AM,A1,A1,B1,C1,C1,P,A2,A2,B2,B3,B3,B3,B4,B4,C3,A4,A4,T3,A5,A5,A5,A6,A6,B6,FC,FC,FC,A7,A7,A7
9:11 AM,A1,A1,B1,C1,C1,P,A2,A2,B2,B3,B3,B3,B4,B4,C3,A4,A4,T3,A5,A5,A5,A6,A6,B6,FC,FC,FC,A7,A7,A7
9:12 AM,A1,A1,B1,C1,C1,P,A2,A2,B2,B3,B3,B3,B4,B4,C3,A4,A4,T3,A5,A5,A5,A6,A6,B6,FC,FC,FC,A7,A7,A7
9:13 AM,A1,A1,B1,C1,C1,P,A2,A2,B2,B3,B3,B3,B4,B4,C3,A4,A4,T3,A5,A5,A5,A6,A6,B6,FC,FC,FC,A7,A7,A7
9:14 AM,A1,A1,B1,C1,C1,P,A2,A2,B2,B3,B3,B3,B4,B4,C3,A4,A4,T3,A5,A5,A5,A6,A6,B6,FC,FC,FC,A7,A7,A7
9:15 AM,A1,A1,B1,C1,C1,E2,P,P,B2,B3,B3,B3,B4,B4,C3,A4,A4,T3,A5,A5,A5,A6,A6,B6,FC,FC,FC,A7,A7,A7
9:16 AM,A1,A1,B1,C1,C1,E2,P,P,B2,B3,B3,B3,B4,B4,C3,A4,A4,T3,A5,A5,A5,A6,A6,B6,FC,FC,FC,A7,A7,A7
9:17 AM,A1,A1,B1,C1,C1,E2,P,P,B2,B3,B3,B3,B4,B4,C3,A4,A4,T3,A5,A5,A5,A6,A6,B6,FC,FC,FC,A7,A7,A7
9:18 AM,A1,A1,B1,C1,C1,E2,P,P,B2,B3,B3,B3,B4,B4,C3,A4,A4,T3,A5,A5,A5,A6,A6,B6,FC,FC,FC,A7,A7,A7
9:19 AM,A1,A1,B1,C1,C1,E2,P,P,B2,B3,B3,B3,B4,B4,C3,A4,A4,T3,A5,A5,A5,A6,A6,B6,FC,FC,FC,A7,A7,A7
9:20 AM,P,P,B1,C1,P,E2,B2,B2,B2,B3,B3,B3,B4,B4,C3,A4,A4,T3,A5,A5,A5,P,P,B6,FC,FC,FC,A7,A7,P
9:21 AM,P,P,B1,C1,P,E2,B2,B2,B2,B3,B3,B3,B4,B4,C3,A4,A4,T3,A5,A5,A5,P,P,B6,FC,FC,FC,A7,A7,P
9:22 AM,P,P,B1,C1,P,E2,B2,B2,B2,B3,B3,B3,B4,B4,C3,A4,A4,T3,A5,A5,A5,P,P,B6,FC,FC,FC,A7,A7,P
9:23 AM,P,P,B1,C1,P,E2,B2,B2,B2,B3,B3,B3,B4,B4,C3,A4,A4,T3,A5,A5,A5,P,P,B6,FC,FC,FC,A7,A7,P
9:24 AM,P,P,B1,C1,T-H2,E2,B2,B2,B2,B3,B3,B3,B4,B4,C3,A4,A4,T3,A5,A5,A5,P,P,B6,FC,FC,FC,A7,A7,P
9:25 AM,B1,B1,B1,P,T-H2,E2,B2,B2,B2,P,P,B3,B4,B4,C3,P,PB2O,T3,P,P,A5,B6,B6,B6,FC,FC,FC,A7,A7,B7
9:26 AM,B1,B1,B1,P,T-H2,E2,B2,B2,B2,P,P,B3,B4,B4,C3,P,PB2O,T3,P,P,A5,B6,B6,B6,FC,FC,FC,A7,A7,B7
9:27 AM,B1,B1,B1,P,T-H2,E2,B2,B2,B2,P,P,B3,B4,B4,C3,P,PB2O,T3,P,P,A5,B6,B6,B6,FC,FC,FC,A7,A7,B7
9:28 AM,B1,B1,B1,P,T-H2,E2,B2,B2,B2,P,P,B3,B4,B4,C3,P,PB2O,T3,P,P,A5,B6,B6,B6,FC,FC,FC,A7,A7,B7
9:29 AM,B1,B1,B1,P,T-H2,E2,B2,B2,B2,P,P,B3,B4,B4,C3,P,PB2O,T3,P,P,A5,B6,B6,B6,FC,FC,FC,A7,A7,B7
9:30 AM,B1,B1,B1,E2,T-H2,E2,B2,B2,B2,A3,A3,B3,B4,B4,C3,T3,PB2O,T3,B5,B5,A5,B6,B6,B6,P,P,P,A7,A7,B7
9:31 AM,B1,B1,B1,E2,T-H2,E2,B2,B2,B2,A3,A3,B3,B4,B4,C3,T3,PB2O,T3,B5,B5,A5,B6,B6,B6,P,P,P,A7,A7,B7
9:32 AM,B1,B1,B1,E2,T-H2,E2,B2,B2,B2,A3,A3,B3,B4,B4,C3,T3,PB2O,T3,B5,B5,A5,B6,B6,B6,P,P,P,A7,A7,B7
9:33 AM,B1,B1,B1,E2,T-H2,E2,B2,B2,B2,A3,A3,B3,B4,B4,C3,T3,PB2O,T3,B5,B5,A5,B6,B6,B6,P,P,P,A7,A7,B7
9:34 AM,B1,B1,B1,E2,T-H2,E2,B2,B2,B2,A3,A3,B3,B4,B4,C3,T3,PB2O,P,B5,B5,A5,B6,B6,B6,P,P,P,A7,A7,B7
9:35 AM,B1,B1,B1,E2,T-H2,E2,B2,B2,B2,A3,A3,P,P,PB2O,C3,T3,PB2O,P,B5,B5,A5,B6,B6,B6,P,C6,C6,P,P,B7
9:36 AM,B1,B1,B1,E2,T-H2,E2,B2,B2,B2,A3,A3,P,P,PB2O,C3,T3,PB2O,P,B5,B5,A5,B6,B6,B6,P,C6,C6,P,P,B7
9:37 AM,B1,B1,B1,E2,T-H2,E2,B2,B2,B2,A3,A3,P,P,PB2O,C3,T3,PB2O,P,B5,B5,A5,B6,B6,B6,P,C6,C6,P,P,B7
9:38 AM,B1,B1,B1,E2,T-H2,E2,B2,B2,B2,A3,A3,P,P,PB2O,C3,T3,PB2O,C4,B5,B5,A5,B6,B6,B6,P,C6,C6,P,P,B7
9:39 AM,B1,B1,B1,E2,T-H2,E2,B2,B2,B2,A3,A3,P,P,PB2O,C3,T3,PB2O,C4,B5,B5,A5,B6,B6,B6,P,C6,C6,P,P,B7
9:40 AM,B1,B1,B1,E2,T-H2,E2,B2,B2,B2,A3,A3,A3,C3,PB2O,C3,T3,PB2O,C4,B5,B5,A5,B6,B6,B6,C6,C6,C6,B7,B7,B7
9:41 AM,B1,B1,B1,E2,T-H2,E2,B2,B2,B2,A3,A3,A3,C3,PB2O,C3,T3,PB2O,C4,B5,B5,A5,B6,B6,B6,C6,C6,C6,B7,B7,B7
9:42 AM,B1,B1,B1,E2,T-H2,E2,B2,B2,B2,A3,A3,A3,C3,PB2O,C3,T3,PB2O,C4,B5,B5,A5,B6,B6,B6,C6,C6,C6,B7,B7,B7
9:43 AM,B1,B1,B1,E2,T-H2,E2,B2,B2,B2,A3,A3,A3,C3,PB2O,C3,T3,PB2O,C4,B5,B5,A5,B6,B6,B6,C6,C6,C6,B7,B7,B7
9:44 AM,B1,B1,B1,E2,T-H2,E2,B2,B2,B2,A3,A3,A3,C3,PB2O,C3,T3,PB2O,C4,B5,B5,A5,B6,B6,B6,C6,C6,C6,B7,B7,B7
9:45 AM,B1,B1,B1,E2,T-H2,E2,B2,B2,B2,A3,A3,A3,C3,PB2O,C3,T3,C4,C4,B5,B5,A5,B6,B6,B6,C6,C6,C6,B7,B7,B7
9:46 AM,B1,B1,B1,E2,T-H2,E2,B2,B2,B2,A3,A3,A3,C3,PB2O,C3,T3,C4,C4,B5,B5,A5,B6,B6,B6,C6,C6,C6,B7,B7,B7
9:47 AM,B1,B1,B1,E2,T-H2,E2,B2,B2,B2,A3,A3,A3,C3,PB2O,C3,T3,C4,C4,B5,B5,A5,B6,B6,B6,C6,C6,C6,B7,B7,B7
9:48 AM,B1,B1,B1,E2,T-H2,E2,B2,B2,B2,A3,A3,A3,C3,PB2O,C3,T3,C4,C4,B5,B5,A5,B6,B6,B6,C6,C6,C6,B7,B7,B7
9:49 AM,B1,B1,B1,E2,T-H2,E2,B2,B2,B2,A3,A3,A3,C3,PB2O,C3,T3,C4,C4,B5,B5,A5,B6,B6,B6,C6,C6,C6,B7,B7,B7
9:50 AM,B1,B1,B1,E2,T-H2,E2,B2,B2,B2,A3,A3,A3,C3,PB2O,C3,T3,C4,C4,B5,B5,A5,B6,B6,B6,C6,C6,C6,B7,B7,B7
9:51 AM,B1,B1,B1,E2,T-H2,E2,B2,B2,B2,A3,A3,A3,C3,PB2O,C3,T3,C4,C4,B5,B5,A5,B6,B6,B6,C6,C6,C6,B7,B7,B7
9:52 AM,B1,B1,B1,E2,T-H2,E2,B2,B2,B2,A3,A3,A3,C3,PB2O,C3,T3,C4,C4,B5,B5,A5,B6,B6,B6,C6,C6,C6,B7,B7,B7
9:53 AM,B1,B1,B1,E2,T-H2,E2,B2,B2,B2,A3,A3,A3,C3,PB2O,C3,T3,C4,C4,B5,B5,A5,B6,B6,B6,C6,C6,C6,B7,B7,B7
9:54 AM,B1,B1,B1,E2,P,E2,B2,B2,B2,A3,A3,A3,C3,PB2O,C3,T3,C4,C4,B5,B5,A5,B6,B6,B6,C6,C6,C6,B7,B7,B7
9:55 AM,B1,B1,B1,E2,P,E2,B2,B2,B2,A3,A3,A3,C3,C3,C3,T3,C4,C4,B5,B5,A5,B6,B6,B6,C6,C6,C6,B7,B7,B7
9:56 AM,B1,B1,B1,E2,P,E2,B2,B2,B2,A3,A3,A3,C3,C3,C3,T3,C4,C4,B5,B5,A5,B6,B6,B6,C6,C6,C6,B7,B7,B7
9:57 AM,B1,B1,B1,E2,P,E2,B2,B2,B2,A3,A3,A3,C3,C3,C3,T3,C4,C4,B5,B5,A5,B6,B6,B6,C6,C6,C6,B7,B7,B7
9:58 AM,B1,B1,B1,E2,E2,E2,B2,B2,B2,A3,A3,A3,C3,C3,C3,T3,C4,C4,B5,B5,A5,B6,B6,B6,C6,C6,C6,B7,B7,B7
9:59 AM,B1,B1,B1,E2,E2,E2,B2,B2,P,A3,A3,A3,C3,C3,P,T3,C4,C4,B5,B5,A5,B6,B6,B6,C6,C6,C6,B7,B7,B7
10:00 AM,B1,B1,B1,E2,E2,E2,B2,B2,P,A3,A3,A3,C3,C3,P,P,C4,C4,B5,B5,A5,B6,B6,B6,C6,C6,C6,B7,B7,B7
10:01 AM,B1,B1,B1,E2,E2,E2,B2,B2,P,A3,A3,A3,C3,C3,P,P,C4,C4,B5,B5,A5,B6,B6,B6,C6,C6,C6,B7,B7,B7
10:02 AM,B1,B1,B1,E2,E2,E2,B2,B2,P,A3,A3,A3,C3,C3,P,P,C4,C4,B5,B5,A5,B6,B6,B6,C6,C6,C6,B7,B7,B7
10:03 AM,B1,B1,B1,E2,E2,E2,B2,B2,C2,A3,A3,A3,C3,C3,T-H2,P,C4,C4,B5,B5,A5,B6,B6,B6,C6,C6,C6,B7,B7,B7
10:04 AM,B1,B1,P,E2,E2,E2,B2,B2,C2,A3,A3,A3,C3,C3,T-H2,P,C4,C4,B5,B5,A5,B6,B6,B6,C6,C6,C6,B7,B7,B7
10:05 AM,B1,B1,P,E2,E2,E2,B2,B2,C2,A3,A3,A3,C3,C3,T-H2,C4,C4,C4,B5,B5,A5,B6,B6,P,C6,C6,C6,B7,B7,B7
10:06 AM,B1,B1,P,E2,E2,E2,B2,B2,C2,A3,A3,A3,C3,C3,T-H2,C4,C4,C4,B5,B5,A5,B6,B6,P,C6,C6,C6,B7,B7,B7
10:07 AM,B1,B1,P,E2,E2,E2,B2,B2,C2,A3,A3,A3,C3,C3,T-H2,C4,C4,C4,B5,B5,A5,B6,B6,P,C6,C6,C6,B7,B7,B7
10:08 AM,B1,B1,T1,E2,E2,E2,B2,B2,C2,A3,A3,A3,C3,C3,T-H2,C4,C4,C4,B5,B5,A5,B6,B6,P,C6,C6,C6,B7,B7,B7
10:09 AM,B1,B1,T1,E2,E2,E2,B2,B2,C2,A3,A3,A3,C3,C3,T-H2,C4,C4,C4,B5,B5,A5,B6,B6,P,C6,C6,C6,B7,B7,B7
10:10 AM,B1,B1,T1,E2,E2,E2,B2,B2,C2,A3,A3,A3,C3,C3,T-H2,C4,C4,C4,B5,B5,A5,B6,B6,T-H4,C6,C6,C6,B7,B7,B7
10:11 AM,B1,B1,T1,E2,E2,E2,B2,B2,C2,A3,A3,A3,C3,C3,T-H2,C4,C4,C4,B5,B5,A5,B6,B6,T-H4,C6,C6,C6,B7,B7,B7
10:12 AM,B1,B1,T1,E2,E2,E2,B2,B2,C2,A3,A3,A3,C3,C3,T-H2,C4,C4,C4,B5,B5,A5,B6,B6,T-H4,C6,C6,C6,B7,B7,B7
10:13 AM,B1,B1,T1,E2,E2,E2,B2,B2,C2,A3,A3,A3,C3,C3,T-H2,C4,C4,C4,B5,B5,A5,B6,B6,T-H4,C6,C6,C6,B7,B7,B7
10:14 AM,B1,B1,T1,E2,E2,E2,B2,B2,C2,A3,A3,A3,C3,C3,T-H2,C4,C4,C4,B5,B5,A5,B6,B6,T-H4,C6,C6,C6,B7,B7,B7
10:15 AM,B1,B1,T1,E2,E2,E2,P,PB2O,C2,A3,A3,A3,C3,C3,T-H2,C4,C4,C4,B5,B5,P,B6,B6,T-H4,C6,C6,C6,B7,B7,B7
10:16 AM,B1,B1,T1,E2,E2,E2,P,PB2O,C2,A3,A3,A3,C3,C3,T-H2,C4,C4,C4,B5,B5,P,B6,B6,T-H4,C6,C6,C6,B7,B7,B7
10:17 AM,B1,B1,T1,E2,E2,E2,P,PB2O,C2,A3,A3,A3,C3,C3,T-H2,C4,C4,C4,B5,B5,P,B6,B6,T-H4,C6,C6,C6,B7,B7,B7
10:18 AM,B1,B1,T1,E2,E2,E2,P,PB2O,C2,A3,A3,A3,C3,C3,T-H2,C4,C4,C4,B5,B5,P,B6,B6,T-H4,C6,C6,C6,B7,B7,B7
10:19 AM,B1,B1,T1,E2,E2,E2,P,PB2O,C2,A3,A3,A3,C3,C3,T-H2,C4,C4,C4,B5,B5,P,B6,B6,T-H4,C6,C6,C6,B7,B7,B7
10:20 AM,B1,B1,T1,E2,E2,P,C2,PB2O,C2,A3,A3,A3,C3,C3,T-H2,C4,C4,C4,B5,B5,C5,B6,B6,T-H4,C6,C6,C6,B7,B7,B7
10:21 AM,B1,B1,T1,E2,E2,P,C2,PB2O,C2,A3,A3,A3,C3,C3,T-H2,C4,C4,C4,B5,B5,C5,B6,B6,T-H4,C6,C6,C6,B7,B7,B7
10:22 AM,B1,B1,T1,E2,E2,P,C2,PB2O,C2,A3,A3,A3,C3,C3,T-H2,C4,C4,C4,B5,B5,C5,B6,B6,T-H4,C6,C6,C6,B7,B7,B7
10:23 AM,B1,B1,T1,E2,E2,P,C2,PB2O,C2,A3,A3,A3,C3,C3,T-H2,C4,C4,C4,B5,B5,C5,B6,B6,T-H4,C6,C6,C6,B7,B7,B7
10:24 AM,B1,B1,T1,E2,E2,P,C2,PB2O,C2,A3,A3,A3,C3,C3,T-H2,C4,C4,C4,B5,B5,C5,B6,B6,T-H4,C6,C6,C6,B7,B7,B7
10:25 AM,P,PB2O,T1,E2,E2,D2,C2,PB2O,C2,A3,A3,A3,C3,C3,T-H2,C4,C4,C4,B5,B5,C5,P,PB2O,T-H4,C6,C6,C6,B7,B7,B7
10:26 AM,P,PB2O,T1,E2,E2,D2,C2,PB2O,C2,A3,A3,A3,C3,C3,T-H2,C4,C4,C4,B5,B5,C5,P,PB2O,T-H4,C6,C6,C6,B7,B7,B7
10:27 AM,P,PB2O,T1,E2,E2,D2,C2,PB2O,C2,A3,A3,A3,C3,C3,T-H2,C4,C4,C4,B5,B5,C5,P,PB2O,T-H4,C6,C6,C6,B7,B7,B7
10:28 AM,P,PB2O,T1,E2,E2,D2,C2,PB2O,C2,A3,A3,A3,C3,C3,T-H2,C4,C4,C4,B5,B5,C5,P,PB2O,T-H4,C6,C6,C6,B7,B7,B7
10:29 AM,P,PB2O,T1,E2,E2,D2,C2,PB2O,C2,A3,A3,A3,C3,C3,T-H2,C4,C4,C4,B5,B5,C5,P,PB2O,T-H4,C6,C6,C6,B7,B7,B7
10:30 AM,T1,PB2O,T1,E2,E2,D2,C2,PB2O,C2,A3,A3,A3,C3,C3,T-H2,C4,C4,C4,B5,B5,C5,X2,PB2O,T-H4,C6,C6,C6,B7,B7,P
10:31 AM,T1,PB2O,T1,E2,E2,D2,C2,PB2O,C2,A3,A3,A3,C3,C3,T-H2,C4,C4,C4,B5,B5,C5,X2,PB2O,T-H4,C6,C6,C6,B7,B7,P
10:32 AM,T1,PB2O,T1,E2,E2,D2,C2,PB2O,C2,A3,A3,A3,C3,C3,T-H2,C4,C4,C4,B5,B5,C5,X2,PB2O,T-H4,C6,C6,C6,B7,B7,P
10:33 AM,T1,PB2O,T1,E2,E2,D2,C2,PB2O,?,A3,A3,A3,C3,C3,P,C4,C4,C4,B5,B5,C5,X2,PB2O,T-H4,C6,C6,C6,B7,B7,P
10:34 AM,T1,PB2O,T1,E2,E2,D2,C2,PB2O,?,A3,A3,A3,C3,C3,P,C4,C4,C4,B5,B5,C5,X2,PB2O,T-H4,C6,C6,C6,B7,B7,P
10:35 AM,T1,PB2O,T1,P,E2,D2,C2,C2,?,P,P,A3,C3,C3,P,C4,C4,C4,?,PB2O,C5,X2,PB2O,T-H4,C6,C6,P,B7,B7,C7
10:36 AM,T1,PB2O,T1,P,E2,D2,C2,C2,?,P,P,A3,C3,C3,P,C4,C4,C4,?,PB2O,C5,X2,PB2O,T-H4,C6,C6,P,B7,B7,C7
10:37 AM,T1,PB2O,T1,P,E2,D2,C2,C2,LO,P,P,A3,C3,C3,E4,C4,C4,C4,?,PB2O,C5,X2,PB2O,T-H4,C6,C6,P,B7,B7,C7
10:38 AM,T1,PB2O,T1,P,E2,D2,C2,C2,LO,P,P,A3,C3,C3,E4,C4,C4,C4,?,PB2O,C5,X2,PB2O,T-H4,C6,C6,P,B7,B7,C7
10:39 AM,T1,PB2O,T1,P,E2,D2,C2,C2,LO,P,P,A3,C3,C3,E4,C4,C4,C4,?,PB2O,C5,X2,PB2O,T-H4,C6,C6,P,B7,B7,C7
10:40 AM,T1,PB2O,T1,LB,E2,D2,C2,C2,LO,T2,LB,A3,P,C3,E4,C4,C4,C4,LB,PB2O,C5,X2,PB2O,P,C6,C6,D6,B7,B7,C7
10:41 AM,T1,PB2O,T1,LB,E2,D2,C2,C2,LO,T2,LB,A3,P,C3,E4,C4,C4,C4,LB,PB2O,C5,X2,PB2O,P,C6,C6,D6,B7,B7,C7
10:42 AM,T1,PB2O,T1,LB,E2,D2,C2,C2,LO,T2,LB,A3,P,C3,E4,C4,C4,C4,LB,PB2O,C5,X2,PB2O,P,C6,C6,D6,B7,B7,C7
10:43 AM,T1,PB2O,P,LB,E2,D2,C2,C2,LO,T2,LB,A3,P,C3,E4,C4,C4,P,LB,PB2O,C5,X2,PB2O,P,C6,C6,D6,B7,B7,C7
10:44 AM,T1,PB2O,P,LB,E2,D2,C2,C2,LO,T2,LB,A3,P,C3,E4,C4,C4,P,LB,PB2O,C5,X2,PB2O,P,C6,C6,D6,B7,B7,C7
10:45 AM,T1,T1,P,LB,E2,D2,C2,C2,LO,T2,LB,A3,E4,C3,E4,C4,P,P,LB,PB2O,C5,X2,T-H4,E6,P,P,D6,P,PB2O,C7
10:46 AM,T1,T1,P,LB,E2,D2,C2,C2,LO,T2,LB,A3,E4,C3,E4,C4,P,P,LB,PB2O,C5,X2,T-H4,E6,P,P,D6,P,PB2O,C7
10:47 AM,T1,T1,D1,LB,E2,D2,C2,C2,LO,T2,LB,A3,E4,C3,E4,C4,P,E5,LB,PB2O,C5,X2,T-H4,E6,P,P,D6,P,PB2O,C7
10:48 AM,T1,T1,D1,LB,E2,D2,C2,C2,LO,T2,LB,A3,E4,C3,E4,C4,T3,E5,LB,PB2O,C5,X2,T-H4,E6,P,P,D6,P,PB2O,C7
10:49 AM,T1,T1,D1,LB,E2,D2,C2,C2,LO,T2,LB,A3,E4,C3,E4,C4,T3,E5,LB,PB2O,C5,X2,T-H4,E6,P,P,D6,P,PB2O,C7
10:50 AM,T1,T1,D1,LB,E2,D2,C2,C2,LO,T2,LB,PO2B,E4,C3,E4,C4,T3,E5,LB,PB2O,?,X2,T-H4,E6,D6,D6,D6,C7,PB2O,C7
10:51 AM,T1,T1,D1,LB,E2,D2,C2,C2,LO,T2,LB,PO2B,E4,C3,E4,C4,T3,E5,LB,PB2O,?,X2,T-H4,E6,D6,D6,D6,C7,PB2O,C7
10:52 AM,T1,T1,D1,LB,E2,D2,C2,C2,LO,T2,LB,PO2B,E4,C3,E4,C4,T3,E5,LB,PB2O,?,X2,T-H4,E6,D6,D6,D6,C7,PB2O,C7
10:53 AM,T1,T1,D1,LB,E2,D2,C2,C2,LO,T2,LB,PO2B,E4,C3,E4,C4,T3,E5,LB,PB2O,?,X2,T-H4,E6,D6,D6,D6,C7,PB2O,C7
10:54 AM,T1,T1,D1,LB,E2,D2,C2,C2,LO,T2,LB,PO2B,E4,C3,E4,C4,T3,E5,LB,PB2O,?,X2,T-H4,E6,D6,D6,D6,C7,PB2O,C7
10:55 AM,T1,T1,D1,LB,E2,?,C2,C2,LO,T2,LB,PO2B,E4,P,E4,C4,T3,E5,LB,C5,LO,X2,T-H4,E6,D6,D6,D6,C7,PB2O,C7
10:56 AM,T1,T1,D1,LB,E2,?,C2,C2,LO,T2,LB,PO2B,E4,P,E4,C4,T3,E5,LB,C5,LO,X2,T-H4,E6,D6,D6,D6,C7,PB2O,C7
10:57 AM,T1,T1,D1,LB,E2,?,C2,C2,LO,T2,LB,PO2B,E4,P,E4,C4,T3,E5,LB,C5,LO,X2,T-H4,E6,D6,D6,D6,C7,PB2O,C7
10:58 AM,T1,T1,D1,LB,P,?,C2,C2,LO,T2,LB,PO2B,E4,P,E4,C4,T3,E5,LB,C5,LO,X2,T-H4,E6,D6,D6,D6,C7,PB2O,C7
10:59 AM,T1,T1,D1,LB,P,?,C2,C2,LO,T2,LB,PO2B,E4,P,E4,C4,T3,E5,LB,C5,LO,X2,T-H4,E6,D6,D6,D6,C7,PB2O,C7
11:00 AM,P,T1,D1,LB,P,LO,C2,C2,LO,T2,LB,PO2B,E4,E4,E4,C4,T3,E5,LB,C5,LO,?,T-H4,E6,D6,D6,D6,C7,PB2O,C7
11:01 AM,P,T1,D1,LB,P,LO,C2,C2,LO,T2,LB,PO2B,E4,E4,E4,C4,T3,E5,LB,C5,LO,?,T-H4,E6,D6,D6,D6,C7,PB2O,C7
11:02 AM,P,T1,D1,LB,D2,LO,C2,C2,LO,T2,LB,PO2B,E4,E4,E4,C4,T3,E5,LB,C5,LO,?,T-H4,E6,D6,D6,D6,C7,PB2O,C7
11:03 AM,P,T1,D1,LB,D2,LO,C2,C2,PS,T2,LB,PO2B,E4,E4,E4,C4,T3,E5,LB,C5,LO,?,T-H4,E6,D6,D6,D6,C7,PB2O,C7
11:04 AM,P,T1,D1,LB,D2,LO,C2,C2,PS,T2,LB,PO2B,E4,E4,E4,C4,T3,E5,LB,C5,LO,?,T-H4,E6,D6,D6,D6,C7,PB2O,C7
11:05 AM,LB,T1,D1,LB,D2,LO,C2,C2,PS,T2,LB,PO2B,E4,E4,E4,P,T3,E5,P,C5,LO,LB,T-H4,E6,D6,D6,D6,C7,C7,?
11:06 AM,LB,T1,D1,LB,D2,LO,C2,C2,PS,T2,LB,PO2B,E4,E4,E4,P,T3,E5,P,C5,LO,LB,T-H4,E6,D6,D6,D6,C7,C7,?
11:07 AM,LB,T1,D1,LB,D2,LO,C2,C2,C2,T2,LB,PO2B,E4,E4,?,P,T3,E5,P,C5,LO,LB,T-H4,E6,D6,D6,D6,C7,C7,?
11:08 AM,LB,T1,D1,LB,D2,LO,C2,C2,C2,T2,LB,PO2B,E4,E4,?,P,T3,E5,P,C5,LO,LB,T-H4,E6,D6,D6,D6,C7,C7,?
11:09 AM,LB,T1,D1,LB,D2,LO,C2,C2,C2,T2,LB,PO2B,E4,E4,?,P,T3,E5,P,C5,LO,LB,T-H4,E6,D6,D6,D6,C7,C7,?
11:10 AM,LB,T1,D1,P,D2,LO,C2,C2,C2,?,P,PO2B,E4,E4,?,LB,T3,E5,C5,C5,LO,LB,T-H4,E6,D6,D6,D6,C7,C7,LO
11:11 AM,LB,T1,D1,P,D2,LO,C2,C2,C2,?,P,PO2B,E4,E4,LO,LB,T3,E5,C5,C5,LO,LB,T-H4,E6,D6,D6,D6,C7,C7,LO
11:12 AM,LB,T1,D1,P,D2,LO,C2,C2,C2,?,P,PO2B,E4,E4,LO,LB,T3,E5,C5,C5,LO,LB,T-H4,E6,D6,D6,D6,C7,C7,LO
11:13 AM,LB,T1,D1,P,D2,LO,C2,C2,C2,?,P,PO2B,E4,E4,LO,LB,T3,E5,C5,C5,LO,LB,T-H4,E6,D6,D6,D6,C7,C7,LO
11:14 AM,LB,T1,D1,P,D2,LO,C2,C2,C2,?,P,PO2B,E4,E4,LO,LB,T3,E5,C5,C5,LO,LB,T-H4,E6,D6,D6,D6,C7,C7,LO
11:15 AM,LB,P,D1,D2,D2,LO,?,C2,C2,X1,X1,X1,E4,E4,LO,LB,T3,E5,C5,C5,LO,LB,P,?,D6,D6,D6,C7,C7,LO
11:16 AM,LB,P,D1,D2,D2,LO,?,C2,C2,X1,X1,X1,E4,E4,LO,LB,T3,E5,C5,C5,LO,LB,P,?,D6,D6,D6,C7,C7,LO
11:17 AM,LB,P,?,D2,D2,LO,?,C2,C2,X1,X1,X1,E4,E4,LO,LB,T3,?,C5,C5,LO,LB,P,?,D6,D6,D6,C7,C7,LO
11:18 AM,LB,P,?,D2,D2,LO,?,C2,C2,X1,X1,X1,E4,E4,LO,LB,P,?,C5,C5,LO,LB,P,?,D6,D6,D6,C7,C7,LO
11:19 AM,LB,D1,?,D2,D2,LO,?,C2,C2,X1,X1,X1,E4,E4,LO,LB,P,?,C5,C5,LO,LB,E6,?,D6,D6,D6,C7,C7,LO
11:20 AM,LB,D1,?,D2,D2,LO,LB,C2,C2,X1,X1,X1,E4,E4,LO,LB,P,?,C5,C5,PS,LB,E6,LO,D6,D6,D6,C7,C7,LO
11:21 AM,LB,D1,LO,D2,D2,LO,LB,C2,C2,X1,X1,X1,E4,E4,LO,LB,P,LO,C5,C5,PS,LB,E6,LO,D6,D6,D6,C7,C7,LO
11:22 AM,LB,D1,LO,D2,D2,LO,LB,C2,C2,X1,X1,X1,E4,E4,LO,LB,E5,LO,C5,C5,PS,LB,E6,LO,D6,D6,D6,C7,C7,LO
11:23 AM,LB,D1,LO,D2,D2,LO,LB,C2,C2,X1,X1,X1,E4,E4,LO,LB,E5,LO,C5,C5,PS,LB,E6,LO,D6,D6,D6,C7,C7,LO
11:24 AM,LB,D1,LO,D2,D2,LO,LB,C2,C2,X1,X1,X1,E4,E4,LO,LB,E5,LO,C5,C5,PS,LB,E6,LO,D6,D6,D6,C7,C7,LO
11:25 AM,LB,D1,LO,D2,D2,PS,LB,C2,C2,X1,X1,X1,E4,E4,LO,LB,E5,LO,C5,C5,C5,LB,E6,LO,D6,D6,D6,C7,C7,LO
11:26 AM,LB,D1,LO,D2,D2,PS,LB,C2,C2,X1,X1,X1,E4,E4,LO,LB,E5,LO,C5,C5,C5,LB,E6,LO,D6,D6,D6,C7,C7,LO
11:27 AM,LB,D1,LO,D2,D2,PS,LB,C2,C2,X1,X1,X1,E4,E4,LO,LB,E5,LO,C5,C5,C5,LB,E6,LO,D6,D6,D6,C7,C7,LO
11:28 AM,LB,D1,LO,D2,D2,PS,LB,C2,C2,X1,X1,X1,E4,E4,LO,LB,E5,LO,C5,C5,C5,LB,E6,LO,D6,D6,D6,C7,C7,LO
11:29 AM,LB,D1,LO,D2,D2,PS,LB,C2,C2,X1,X1,X1,E4,E4,LO,LB,E5,LO,C5,C5,C5,LB,E6,LO,D6,D6,D6,C7,C7,LO
11:30 AM,LB,D1,LO,D2,D2,D2,LB,P,C2,X1,X1,X1,E4,E4,LO,LB,E5,LO,C5,C5,C5,P,E6,LO,D6,D6,D6,C7,C7,LO
11:31 AM,LB,D1,LO,D2,D2,D2,LB,P,C2,X1,X1,X1,E4,E4,LO,LB,E5,LO,C5,C5,C5,P,E6,LO,D6,D6,D6,C7,C7,LO
11:32 AM,LB,D1,LO,D2,D2,D2,LB,P,C2,X1,X1,X1,E4,E4,LO,LB,E5,LO,C5,C5,C5,P,E6,LO,D6,D6,D6,C7,C7,LO
11:33 AM,LB,D1,LO,D2,D2,D2,LB,P,P,X1,X1,X1,E4,E4,LO,LB,E5,LO,C5,C5,C5,P,E6,LO,D6,D6,D6,C7,C7,LO
11:34 AM,LB,D1,LO,D2,D2,D2,LB,P,P,X1,X1,X1,E4,E4,LO,LB,E5,LO,C5,C5,C5,P,E6,LO,D6,D6,D6,C7,C7,LO
11:35 AM,P,D1,LO,D2,D2,D2,LB,E3,P,X1,X1,X1,E4,E4,LO,LB,E5,LO,C5,C5,C5,E6,E6,LO,D6,D6,D6,C7,C7,PS
11:36 AM,P,D1,LO,D2,?,D2,LB,E3,P,X1,X1,X1,E4,E4,LO,LB,E5,LO,C5,C5,C5,E6,E6,LO,D6,D6,D6,C7,C7,PS
11:37 AM,P,D1,LO,D2,?,D2,LB,E3,E3,X1,X1,X1,E4,E4,PS,LB,E5,LO,C5,C5,C5,E6,E6,LO,D6,D6,D6,C7,C7,PS
11:38 AM,P,D1,LO,D2,?,D2,LB,E3,E3,X1,X1,X1,E4,E4,PS,LB,E5,LO,C5,C5,C5,E6,E6,LO,D6,D6,D6,C7,C7,PS
11:39 AM,P,D1,LO,D2,?,D2,LB,E3,E3,X1,X1,X1,E4,E4,PS,LB,E5,LO,C5,C5,C5,E6,E6,LO,D6,D6,D6,C7,C7,PS
11:40 AM,D1,D1,LO,D2,LO,D2,LB,E3,E3,X1,X1,X1,E4,E4,PS,P,E5,LO,C5,C5,C5,E6,E6,LO,D6,D6,PO2B,C7,C7,C7
11:41 AM,D1,D1,LO,D2,LO,D2,LB,E3,E3,X1,X1,X1,E4,E4,E4,P,E5,LO,C5,C5,C5,E6,E6,LO,D6,D6,PO2B,C7,C7,C7
11:42 AM,D1,D1,LO,D2,LO,D2,LB,E3,E3,X1,X1,X1,E4,E4,E4,P,E5,LO,C5,C5,C5,E6,E6,LO,D6,D6,PO2B,C7,C7,C7
11:43 AM,D1,D1,LO,D2,LO,D2,LB,E3,E3,X1,X1,X1,E4,E4,E4,P,E5,LO,C5,C5,C5,E6,E6,LO,D6,D6,PO2B,C7,C7,C7
11:44 AM,D1,D1,LO,D2,LO,D2,LB,E3,E3,X1,X1,X1,E4,E4,E4,P,E5,LO,C5,C5,C5,E6,E6,LO,D6,D6,PO2B,C7,C7,C7
11:45 AM,D1,D1,LO,D2,LO,D2,P,E3,E3,X1,X1,X1,E4,E4,E4,E5,E5,LO,C5,C5,C5,E6,E6,PS,D6,D6,PO2B,C7,C7,C7
11:46 AM,D1,D1,LO,D2,LO,D2,P,E3,E3,X1,X1,X1,E4,E4,E4,E5,E5,LO,C5,C5,C5,E6,E6,PS,D6,D6,PO2B,C7,C7,C7
11:47 AM,D1,D1,PS,D2,LO,D2,P,E3,E3,X1,X1,X1,E4,E4,E4,E5,E5,PS,C5,C5,C5,E6,E6,PS,D6,D6,PO2B,C7,C7,C7
11:48 AM,D1,D1,PS,D2,LO,D2,P,E3,E3,X1,X1,X1,E4,E4,E4,E5,E5,PS,C5,C5,C5,E6,E6,PS,D6,D6,PO2B,C7,C7,C7
11:49 AM,D1,D1,PS,D2,LO,D2,P,E3,E3,X1,X1,X1,E4,E4,E4,E5,E5,PS,C5,C5,C5,E6,?,PS,D6,D6,PO2B,C7,C7,C7
11:50 AM,D1,?,PS,D2,LO,D2,E3,E3,E3,X1,X1,X1,P,E4,E4,E5,E5,PS,C5,C5,C5,E6,?,E6,D6,D6,PO2B,C7,C7,C7
11:51 AM,D1,?,D1,D2,LO,D2,E3,E3,E3,X1,X1,X1,P,E4,E4,E5,E5,E5,C5,C5,C5,E6,?,E6,D6,D6,PO2B,C7,C7,C7
11:52 AM,D1,?,D1,D2,LO,D2,E3,E3,E3,X1,X1,X1,P,E4,E4,E5,?,E5,C5,C5,C5,E6,?,E6,D6,D6,PO2B,C7,C7,C7
11:53 AM,D1,?,D1,D2,LO,D2,E3,E3,E3,X1,X1,X1,P,E4,E4,E5,?,E5,C5,C5,C5,E6,LO,E6,D6,D6,PO2B,C7,C7,C7
11:54 AM,D1,LO,D1,D2,LO,D2,E3,E3,E3,X1,X1,X1,P,E4,E4,E5,?,E5,C5,C5,C5,E6,LO,E6,D6,D6,PO2B,C7,C7,C7
11:55 AM,D1,LO,D1,D2,LO,D2,E3,E3,E3,P,PB2O,P,D4,E4,E4,E5,?,E5,C5,C5,C5,E6,LO,E6,P,P,PO2B,P,C7,C7
11:56 AM,D1,LO,D1,D2,LO,D2,E3,E3,E3,P,PB2O,P,D4,E4,E4,E5,LO,E5,C5,C5,C5,E6,LO,E6,P,P,PO2B,P,C7,C7
11:57 AM,D1,LO,D1,D2,LO,D2,E3,E3,E3,P,PB2O,P,D4,E4,E4,E5,LO,E5,C5,C5,C5,E6,LO,E6,P,P,PO2B,P,C7,C7
11:58 AM,D1,LO,D1,D2,LO,D2,E3,E3,E3,P,PB2O,P,D4,E4,E4,E5,LO,E5,C5,C5,C5,E6,LO,E6,P,P,PO2B,P,C7,C7
11:59 AM,D1,LO,D1,D2,LO,D2,E3,E3,E3,P,PB2O,P,D4,E4,E4,E5,LO,E5,C5,C5,C5,E6,LO,E6,P,P,PO2B,P,C7,C7
12:00 PM,D1,LO,D1,D2,LO,PO2B,E3,?,E3,G4,PB2O,G4,D4,E4,E4,E5,LO,E5,C5,P,P,E6,LO,E6,F7,F7,F7,D7,C7,C7
12:01 PM,D1,LO,D1,D2,LO,PO2B,E3,?,E3,G4,PB2O,G4,D4,E4,E4,E5,LO,E5,C5,P,P,E6,LO,E6,F7,F7,F7,D7,C7,C7
12:02 PM,D1,LO,D1,D2,LO,PO2B,E3,?,E3,G4,PB2O,G4,D4,E4,E4,E5,LO,E5,C5,P,P,E6,LO,E6,F7,F7,F7,D7,C7,C7
12:03 PM,D1,LO,D1,D2,LO,PO2B,E3,?,E3,G4,PB2O,G4,D4,E4,E4,E5,LO,E5,C5,P,P,E6,LO,E6,F7,F7,F7,D7,C7,C7
12:04 PM,D1,LO,D1,D2,LO,PO2B,E3,?,E3,G4,PB2O,G4,D4,E4,E4,E5,LO,E5,C5,P,P,E6,LO,E6,F7,F7,F7,D7,C7,C7
12:05 PM,D1,LO,D1,D2,LO,PO2B,E3,LO,E3,G4,PB2O,G4,D4,P,E4,E5,LO,E5,C5,D5,D5,E6,LO,E6,F7,F7,F7,D7,C7,C7
12:06 PM,D1,LO,D1,D2,PS,PO2B,E3,LO,E3,G4,PB2O,G4,D4,P,E4,E5,LO,E5,C5,D5,D5,E6,LO,E6,F7,F7,F7,D7,C7,C7
12:07 PM,D1,LO,D1,D2,PS,PO2B,E3,LO,E3,G4,PB2O,G4,D4,P,E4,E5,LO,E5,C5,D5,D5,E6,LO,E6,F7,F7,F7,D7,C7,C7
12:08 PM,D1,LO,D1,D2,PS,PO2B,E3,LO,E3,G4,PB2O,G4,D4,P,E4,E5,LO,E5,C5,D5,D5,E6,LO,E6,F7,F7,F7,D7,C7,C7
12:09 PM,D1,LO,D1,D2,PS,PO2B,E3,LO,E3,G4,PB2O,G4,D4,P,E4,E5,LO,E5,C5,D5,D5,E6,LO,E6,F7,F7,F7,D7,C7,C7
12:10 PM,D1,LO,D1,D2,D2,PO2B,E3,LO,E3,G4,PB2O,G4,D4,D4,E4,E5,LO,E5,C5,D5,D5,E6,LO,E6,F7,F7,F7,D7,P,P
12:11 PM,D1,LO,D1,D2,D2,PO2B,E3,LO,E3,G4,PB2O,G4,D4,D4,P,E5,LO,E5,C5,D5,D5,E6,LO,E6,F7,F7,F7,D7,P,P
12:12 PM,D1,LO,D1,D2,D2,PO2B,E3,LO,E3,G4,PB2O,G4,D4,D4,P,E5,LO,E5,C5,D5,D5,E6,LO,E6,F7,F7,F7,D7,P,P
12:13 PM,D1,LO,D1,D2,D2,PO2B,E3,LO,E3,G4,PB2O,G4,D4,D4,P,E5,LO,E5,C5,D5,D5,E6,LO,E6,F7,F7,F7,D7,P,P
12:14 PM,D1,LO,D1,D2,D2,PO2B,E3,LO,E3,G4,PB2O,G4,D4,D4,P,E5,LO,E5,C5,D5,D5,E6,LO,E6,F7,F7,F7,D7,P,P
12:15 PM,D1,LO,D1,P,D2,PO2B,E3,LO,E3,G4,PB2O,G4,D4,D4,D4,E5,LO,E5,P,D5,D5,E6,LO,E6,F7,F7,F7,D7,D7,D7
12:16 PM,D1,LO,D1,P,D2,PO2B,E3,LO,E3,G4,PB2O,G4,D4,D4,D4,E5,LO,E5,P,D5,D5,E6,LO,E6,F7,F7,F7,D7,D7,D7
12:17 PM,D1,LO,D1,P,D2,PO2B,E3,LO,E3,G4,PB2O,G4,D4,D4,D4,E5,LO,E5,P,D5,D5,E6,LO,E6,F7,F7,F7,D7,D7,D7
12:18 PM,D1,LO,D1,P,D2,PO2B,E3,LO,E3,G4,PB2O,G4,D4,D4,D4,E5,LO,E5,P,D5,D5,E6,LO,E6,F7,F7,F7,D7,D7,D7
12:19 PM,D1,LO,D1,P,D2,PO2B,E3,LO,E3,G4,PB2O,G4,D4,D4,D4,E5,LO,E5,P,D5,D5,E6,PS,E6,F7,F7,F7,D7,D7,D7
12:20 PM,D1,PS,D1,F1,D2,F1,E3,LO,E3,G4,PB2O,G4,D4,D4,D4,E5,LO,E5,D5,D5,D5,E6,PS,PO2B,F7,F7,F7,D7,D7,D7
12:21 PM,D1,PS,P,F1,D2,F1,E3,LO,E3,G4,PB2O,G4,D4,D4,D4,E5,LO,E5,D5,D5,D5,E6,PS,PO2B,F7,F7,F7,D7,D7,D7
12:22 PM,D1,PS,P,F1,D2,F1,E3,LO,E3,G4,PB2O,G4,D4,D4,D4,E5,PS,E5,D5,D5,D5,E6,PS,PO2B,F7,F7,F7,D7,D7,D7
12:23 PM,D1,PS,P,F1,D2,F1,E3,LO,E3,G4,PB2O,G4,D4,D4,D4,E5,PS,E5,D5,D5,D5,E6,E6,PO2B,F7,F7,F7,D7,D7,D7
12:24 PM,D1,D1,P,F1,D2,F1,E3,LO,E3,G4,PB2O,G4,D4,D4,D4,E5,PS,E5,D5,D5,D5,E6,E6,PO2B,F7,F7,F7,D7,D7,D7
12:25 PM,D1,D1,E1,F1,D2,F1,E3,LO,E3,G4,PB2O,G4,D4,D4,D4,E5,PS,PO2B,D5,D5,D5,E6,E6,PO2B,F7,F7,F7,D7,D7,D7
12:26 PM,D1,D1,E1,F1,D2,F1,E3,LO,E3,G4,PB2O,G4,D4,D4,D4,E5,E5,PO2B,D5,D5,D5,E6,E6,PO2B,F7,F7,F7,D7,D7,D7
12:27 PM,D1,D1,E1,F1,D2,F1,E3,LO,E3,G4,PB2O,G4,D4,D4,D4,E5,E5,PO2B,D5,D5,D5,E6,E6,PO2B,F7,F7,F7,D7,D7,D7
12:28 PM,D1,D1,E1,F1,D2,F1,E3,LO,E3,G4,PB2O,G4,D4,D4,D4,E5,E5,PO2B,D5,D5,D5,E6,E6,PO2B,F7,F7,F7,D7,D7,D7
12:29 PM,D1,D1,E1,F1,D2,F1,E3,LO,E3,G4,PB2O,G4,D4,D4,D4,E5,E5,PO2B,D5,D5,D5,E6,E6,PO2B,F7,F7,F7,D7,D7,D7
12:30 PM,D1,D1,E1,F1,D2,F1,E3,PS,E3,?,G4,?,?,D4,D4,E5,E5,PO2B,D5,D5,D5,E6,E6,PO2B,?,?,?,?,D7,D7
12:31 PM,D1,D1,E1,F1,D2,F1,E3,PS,E3,?,G4,?,?,D4,D4,E5,E5,PO2B,D5,D5,D5,E6,E6,PO2B,?,?,?,?,D7,D7
12:32 PM,D1,D1,E1,F1,D2,F1,E3,PS,P,?,G4,?,?,D4,D4,E5,E5,PO2B,D5,D5,D5,E6,E6,PO2B,?,?,?,?,D7,D7
12:33 PM,D1,D1,E1,F1,D2,F1,E3,PS,P,?,G4,?,?,D4,D4,E5,E5,PO2B,D5,D5,D5,E6,E6,PO2B,?,?,?,?,D7,D7
12:34 PM,D1,D1,E1,F1,D2,F1,E3,PS,P,?,G4,?,?,D4,D4,E5,E5,PO2B,D5,D5,D5,E6,E6,PO2B,?,?,?,?,D7,D7
12:35 PM,P,D1,E1,F1,D2,F1,E3,E3,P,LB,G4,LB,LB,D4,D4,E5,E5,PO2B,D5,?,D5,P,E6,PO2B,LB,LO,LB,LB,D7,D7
12:36 PM,P,D1,E1,F1,P,F1,E3,E3,D3,LB,G4,LB,LB,D4,D4,E5,E5,PO2B,D5,?,D5,P,E6,PO2B,LB,LO,LB,LB,D7,D7
12:37 PM,P,D1,E1,F1,P,F1,E3,E3,D3,LB,G4,LB,LB,D4,D4,E5,E5,PO2B,D5,?,D5,P,E6,PO2B,LB,LO,LB,LB,D7,D7
12:38 PM,P,D1,E1,F1,P,F1,E3,E3,D3,LB,G4,LB,LB,D4,D4,E5,E5,PO2B,D5,?,D5,P,E6,PO2B,LB,LO,LB,LB,D7,D7
12:39 PM,P,D1,E1,F1,P,F1,E3,E3,D3,LB,G4,LB,LB,D4,D4,E5,E5,PO2B,D5,?,D5,P,E6,PO2B,LB,LO,LB,LB,D7,D7
12:40 PM,E1,D1,E1,F1,F1,F1,E3,E3,D3,LB,G4,LB,LB,?,D4,E5,E5,PO2B,D5,LO,D5,F6,E6,F6,LB,LO,LB,LB,D7,D7
12:41 PM,E1,D1,E1,F1,F1,F1,E3,E3,D3,LB,G4,LB,LB,?,D4,E5,E5,PO2B,D5,LO,D5,F6,E6,F6,LB,LO,LB,LB,D7,D7
12:42 PM,E1,D1,E1,F1,F1,F1,E3,E3,D3,LB,G4,LB,LB,?,D4,E5,E5,PO2B,D5,LO,D5,F6,E6,F6,LB,LO,LB,LB,D7,D7
12:43 PM,E1,D1,E1,F1,F1,F1,E3,E3,D3,LB,G4,LB,LB,?,D4,E5,E5,PO2B,D5,LO,D5,F6,E6,F6,LB,LO,LB,LB,D7,D7
12:44 PM,E1,D1,E1,F1,F1,F1,E3,E3,D3,LB,G4,LB,LB,?,D4,E5,E5,PO2B,D5,LO,D5,F6,E6,F6,LB,LO,LB,LB,D7,D7
12:45 PM,E1,D1,E1,F1,F1,F1,P,E3,D3,LB,G4,LB,LB,LO,D4,P,E5,PO2B,D5,LO,D5,F6,E6,F6,LB,LO,LB,LB,?,D7
12:46 PM,E1,D1,E1,F1,F1,F1,P,E3,D3,LB,G4,LB,LB,LO,D4,P,E5,PO2B,D5,LO,D5,F6,E6,F6,LB,LO,LB,LB,?,D7
12:47 PM,E1,D1,E1,F1,F1,F1,P,E3,D3,LB,G4,LB,LB,LO,D4,P,E5,PO2B,D5,LO,D5,F6,E6,F6,LB,LO,LB,LB,?,D7
12:48 PM,E1,D1,E1,F1,F1,F1,P,E3,D3,LB,G4,LB,LB,LO,D4,P,E5,PO2B,D5,LO,D5,F6,E6,F6,LB,LO,LB,LB,?,D7
12:49 PM,E1,D1,E1,F1,F1,F1,P,E3,D3,LB,G4,LB,LB,LO,D4,P,E5,PO2B,D5,LO,D5,F6,E6,F6,LB,LO,LB,LB,?,D7
12:50 PM,E1,D1,E1,F1,F1,F1,D3,E3,D3,LB,G4,LB,LB,LO,D4,F4,E5,F4,D5,LO,D5,F6,E6,F6,LB,LO,LB,LB,LO,D7
12:51 PM,E1,D1,E1,F1,F1,F1,D3,E3,D3,LB,G4,LB,LB,LO,D4,F4,E5,F4,D5,LO,D5,F6,E6,F6,LB,LO,LB,LB,LO,D7
12:52 PM,E1,D1,E1,F1,F1,F1,D3,E3,D3,LB,G4,LB,LB,LO,D4,F4,E5,F4,D5,LO,D5,F6,E6,F6,LB,LO,LB,LB,LO,D7
12:53 PM,E1,P,E1,F1,F1,F1,D3,E3,D3,LB,G4,LB,LB,LO,D4,F4,E5,F4,D5,LO,D5,F6,P,F6,LB,LO,LB,LB,LO,D7
12:54 PM,E1,P,E1,F1,F1,F1,D3,E3,D3,LB,G4,LB,LB,LO,D4,F4,E5,F4,D5,LO,D5,F6,P,F6,LB,LO,LB,LB,LO,D7
12:55 PM,E1,P,E1,F1,F1,F1,D3,E3,D3,LB,G4,LB,LB,LO,D4,F4,E5,F4,D5,LO,D5,F6,P,F6,LB,LO,LB,LB,LO,D7
12:56 PM,E1,P,E1,F1,F1,F1,D3,E3,D3,LB,G4,LB,LB,LO,D4,F4,E5,F4,D5,LO,D5,F6,P,F6,LB,LO,LB,LB,LO,D7
12:57 PM,E1,E1,E1,F1,F1,F1,D3,E3,D3,LB,G4,LB,LB,LO,D4,F4,P,F4,D5,LO,D5,F6,F6,F6,LB,LO,LB,LB,LO,D7
12:58 PM,E1,E1,E1,F1,F1,F1,D3,E3,D3,LB,G4,LB,LB,LO,D4,F4,P,F4,D5,LO,D5,F6,F6,F6,LB,LO,LB,LB,LO,D7
12:59 PM,E1,E1,E1,F1,F1,F1,D3,E3,D3,LB,G4,LB,LB,LO,D4,F4,P,F4,D5,LO,D5,F6,F6,F6,LB,LO,LB,LB,LO,D7
1:00 PM,E1,E1,E1,F1,F1,F1,D3,P,D3,PS,G4,PS,PS,LO,D4,F4,P,F4,D5,LO,D5,F6,F6,F6,PS,PS,PS,PS,LO,D7
1:01 PM,E1,E1,E1,F1,F1,F1,D3,P,D3,PS,G4,PS,PS,LO,D4,F4,F4,F4,D5,LO,D5,F6,F6,F6,PS,PS,PS,PS,LO,D7
1:02 PM,E1,E1,E1,F1,F1,F1,D3,P,D3,PS,G4,PS,PS,LO,D4,F4,F4,F4,D5,LO,D5,F6,F6,F6,PS,PS,PS,PS,LO,D7
1:03 PM,E1,E1,E1,F1,F1,F1,D3,P,D3,PS,G4,PS,PS,LO,D4,F4,F4,F4,D5,LO,D5,F6,F6,F6,PS,PS,PS,PS,LO,D7
1:04 PM,E1,E1,E1,F1,F1,F1,D3,P,D3,PS,G4,PS,PS,LO,D4,F4,F4,F4,D5,LO,D5,F6,F6,F6,PS,PS,PS,PS,LO,D7
1:05 PM,E1,E1,E1,F1,F1,F1,D3,D3,D3,G4,G4,G4,D4,LO,D4,F4,F4,F4,D5,PS,D5,F6,F6,F6,F7,F7,F7,D7,LO,D7
1:06 PM,E1,E1,E1,F1,F1,F1,D3,D3,D3,G4,G4,G4,D4,LO,D4,F4,F4,F4,D5,PS,D5,F6,F6,F6,F7,F7,F7,D7,LO,D7
1:07 PM,E1,E1,E1,F1,F1,F1,D3,D3,D3,G4,G4,G4,D4,LO,D4,F4,F4,F4,D5,PS,D5,F6,F6,F6,F7,F7,F7,D7,LO,D7
1:08 PM,E1,E1,E1,F1,F1,F1,D3,D3,D3,G4,G4,G4,D4,LO,D4,F4,F4,F4,D5,PS,D5,F6,F6,F6,F7,F7,F7,D7,LO,D7
1:09 PM,E1,E1,E1,F1,F1,F1,D3,D3,D3,G4,G4,G4,D4,LO,D4,F4,F4,F4,D5,PS,D5,F6,F6,F6,F7,F7,F7,D7,LO,D7
1:10 PM,E1,E1,E1,F1,F1,F1,D3,D3,D3,G4,G4,G4,D4,PS,D4,F4,F4,F4,D5,D5,PO2B,F6,F6,F6,F7,F7,F7,D7,LO,D7
1:11 PM,E1,E1,E1,F1,F1,F1,D3,D3,D3,G4,G4,G4,D4,PS,D4,F4,F4,F4,D5,D5,PO2B,F6,F6,F6,F7,F7,F7,D7,LO,D7
1:12 PM,E1,E1,E1,F1,F1,F1,D3,D3,D3,G4,G4,G4,D4,PS,D4,F4,F4,F4,D5,D5,PO2B,F6,F6,F6,F7,F7,F7,D7,LO,D7
1:13 PM,E1,E1,E1,F1,F1,F1,D3,D3,D3,G4,G4,G4,D4,PS,D4,F4,F4,F4,D5,D5,PO2B,F6,F6,F6,F7,F7,F7,D7,LO,D7
1:14 PM,E1,E1,E1,F1,F1,F1,D3,D3,D3,G4,G4,G4,D4,PS,D4,F4,F4,F4,D5,D5,PO2B,F6,F6,F6,F7,F7,F7,D7,LO,D7
1:15 PM,E1,E1,E1,F1,F1,F1,D3,D3,D3,G4,G4,G4,D4,D4,PO2B,F4,F4,F4,D5,D5,PO2B,F6,F6,F6,F7,F7,F7,D7,PS,D7
1:16 PM,E1,E1,E1,F1,F1,F1,D3,D3,D3,G4,G4,G4,D4,D4,PO2B,F4,F4,F4,D5,D5,PO2B,F6,F6,F6,F7,F7,F7,D7,PS,D7
1:17 PM,E1,E1,E1,F1,F1,F1,D3,D3,D3,G4,G4,G4,D4,D4,PO2B,F4,F4,F4,D5,D5,PO2B,F6,F6,F6,F7,F7,F7,D7,PS,D7
1:18 PM,E1,E1,E1,F1,F1,F1,D3,D3,D3,G4,G4,G4,D4,D4,PO2B,F4,F4,F4,D5,D5,PO2B,F6,F6,F6,F7,F7,F7,D7,PS,D7
1:19 PM,E1,E1,E1,F1,F1,F1,D3,D3,D3,G4,G4,G4,D4,D4,PO2B,F4,F4,F4,D5,D5,PO2B,F6,F6,F6,F7,F7,F7,D7,PS,D7
1:20 PM,E1,E1,E1,F1,F1,F1,D3,D3,D3,G4,G4,G4,D4,D4,PO2B,F4,F4,F4,D5,D5,PO2B,F6,F6,F6,F7,F7,F7,D7,D7,D7
1:21 PM,E1,E1,E1,F1,F1,F1,D3,D3,D3,G4,G4,G4,D4,D4,PO2B,F4,F4,F4,D5,D5,PO2B,F6,F6,F6,F7,F7,F7,D7,D7,D7
1:22 PM,E1,E1,E1,F1,F1,F1,D3,D3,D3,G4,G4,G4,D4,D4,PO2B,F4,F4,F4,D5,D5,PO2B,F6,F6,F6,F7,F7,F7,D7,D7,D7
1:23 PM,E1,E1,E1,F1,F1,F1,D3,D3,D3,G4,G4,G4,D4,D4,PO2B,F4,F4,F4,D5,D5,PO2B,F6,F6,F6,F7,F7,F7,D7,D7,D7
1:24 PM,E1,E1,E1,F1,F1,F1,D3,D3,D3,G4,G4,G4,D4,D4,PO2B,F4,F4,F4,D5,D5,PO2B,F6,F6,F6,F7,F7,F7,D7,D7,D7
1:25 PM,E1,E1,PO2B,P,F1,P,D3,D3,D3,G4,G4,G4,D4,D4,PO2B,F4,F4,F4,P,D5,PO2B,F6,F6,F6,F7,F7,F7,D7,D7,P
1:26 PM,E1,E1,PO2B,P,F1,P,D3,D3,D3,G4,G4,G4,D4,D4,PO2B,F4,F4,F4,P,D5,PO2B,F6,F6,F6,F7,F7,F7,D7,D7,P
1:27 PM,E1,E1,PO2B,P,F1,P,D3,D3,D3,G4,G4,G4,D4,D4,PO2B,F4,F4,F4,P,D5,PO2B,F6,F6,F6,F7,F7,F7,D7,D7,P
1:28 PM,E1,E1,PO2B,P,F1,P,D3,D3,D3,G4,G4,G4,D4,D4,PO2B,F4,F4,F4,P,D5,PO2B,F6,F6,F6,F7,F7,F7,D7,D7,P
1:29 PM,E1,E1,PO2B,P,F1,P,D3,D3,D3,G4,G4,G4,D4,D4,PO2B,F4,F4,F4,P,D5,PO2B,F6,F6,F6,F7,F7,F7,D7,D7,P
1:30 PM,E1,E1,PO2B,G2,F1,G2,D3,D3,D3,G4,G4,G4,P,D4,PO2B,F4,F4,F4,F5,D5,F5,F6,F6,F6,F7,F7,F7,D7,D7,E7
1:31 PM,E1,E1,PO2B,G2,F1,G2,D3,D3,PO2B,G4,G4,G4,P,D4,PO2B,F4,F4,F4,F5,D5,F5,F6,F6,F6,F7,F7,F7,D7,D7,E7
1:32 PM,E1,E1,PO2B,G2,F1,G2,D3,D3,PO2B,G4,G4,G4,P,D4,PO2B,F4,F4,F4,F5,D5,F5,F6,F6,F6,F7,F7,F7,D7,D7,E7
1:33 PM,E1,E1,PO2B,G2,F1,G2,D3,D3,PO2B,G4,G4,G4,P,D4,PO2B,F4,F4,F4,F5,D5,F5,F6,F6,F6,F7,F7,F7,D7,D7,E7
1:34 PM,E1,E1,PO2B,G2,F1,G2,D3,D3,PO2B,G4,G4,G4,P,D4,PO2B,F4,F4,F4,F5,D5,F5,F6,F6,F6,F7,F7,F7,D7,D7,E7
1:35 PM,E1,E1,PO2B,G2,F1,G2,D3,D3,PO2B,P,P,P,F3,D4,F3,F4,F4,F4,F5,D5,F5,F6,F6,F6,F7,F7,F7,P,D7,E7
1:36 PM,E1,E1,PO2B,G2,F1,G2,D3,D3,PO2B,P,P,P,F3,D4,F3,F4,F4,F4,F5,D5,F5,F6,F6,F6,F7,F7,F7,P,D7,E7
1:37 PM,E1,E1,PO2B,G2,F1,G2,D3,D3,PO2B,P,P,P,F3,D4,F3,F4,F4,F4,F5,D5,F5,F6,F6,F6,F7,F7,F7,P,D7,E7
1:38 PM,E1,E1,PO2B,G2,F1,G2,D3,D3,PO2B,P,P,P,F3,D4,F3,F4,F4,F4,F5,D5,F5,F6,F6,F6,F7,F7,F7,P,D7,E7
1:39 PM,E1,E1,PO2B,G2,F1,G2,D3,D3,PO2B,P,P,P,F3,D4,F3,F4,F4,F4,F5,D5,F5,F6,F6,F6,F7,F7,F7,P,D7,E7
1:40 PM,P,E1,PO2B,G2,P,G2,D3,D3,PO2B,F2,F2,F2,F3,D4,F3,F4,F4,F4,F5,P,F5,P,F6,P,P,F7,P,E7,D7,E7
1:41 PM,P,E1,PO2B,G2,P,G2,D3,D3,PO2B,F2,F2,F2,F3,D4,F3,F4,F4,F4,F5,P,F5,P,F6,P,P,F7,P,E7,D7,E7
1:42 PM,P,E1,PO2B,G2,P,G2,D3,D3,PO2B,F2,F2,F2,F3,D4,F3,F4,F4,F4,F5,P,F5,P,F6,P,P,F7,P,E7,D7,E7
1:43 PM,P,E1,PO2B,G2,P,G2,D3,D3,PO2B,F2,F2,F2,F3,D4,F3,F4,F4,F4,F5,P,F5,P,F6,P,P,F7,P,E7,D7,E7
1:44 PM,P,E1,PO2B,G2,P,G2,D3,D3,PO2B,F2,F2,F2,F3,D4,F3,F4,F4,F4,F5,P,F5,P,F6,P,P,F7,P,E7,D7,E7
1:45 PM,G1,E1,G1,G2,G2,G2,P,D3,PO2B,F2,F2,F2,F3,D4,F3,P,F4,P,F5,F5,F5,G6,F6,G6,G7,P,G7,E7,D7,E7
1:46 PM,G1,E1,G1,G2,G2,G2,P,D3,PO2B,F2,F2,F2,F3,D4,F3,P,F4,P,F5,F5,F5,G6,F6,G6,G7,P,G7,E7,D7,E7
1:47 PM,G1,E1,G1,G2,G2,G2,P,D3,PO2B,F2,F2,F2,F3,D4,F3,P,F4,P,F5,F5,F5,G6,F6,G6,G7,P,G7,E7,D7,E7
1:48 PM,G1,E1,G1,G2,G2,G2,P,D3,PO2B,F2,F2,F2,F3,D4,F3,P,F4,P,F5,F5,F5,G6,F6,G6,G7,P,G7,E7,D7,E7
1:49 PM,G1,E1,G1,G2,G2,G2,P,D3,PO2B,F2,F2,F2,F3,D4,F3,P,F4,P,F5,F5,F5,G6,F6,G6,G7,P,G7,E7,D7,E7
1:50 PM,G1,E1,G1,G2,G2,G2,G3,D3,G3,F2,F2,F2,F3,P,F3,G5,F4,G5,F5,F5,F5,G6,F6,G6,G7,G7,G7,E7,P,E7
1:51 PM,G1,E1,G1,G2,G2,G2,G3,D3,G3,F2,F2,F2,F3,P,F3,G5,F4,G5,F5,F5,F5,G6,F6,G6,G7,G7,G7,E7,P,E7
1:52 PM,G1,E1,G1,G2,G2,G2,G3,D3,G3,F2,F2,F2,F3,P,F3,G5,F4,G5,F5,F5,F5,G6,P,G6,G7,G7,G7,E7,P,E7
1:53 PM,G1,E1,G1,G2,G2,G2,G3,D3,G3,F2,F2,F2,F3,P,F3,G5,F4,G5,F5,F5,F5,G6,P,G6,G7,G7,G7,E7,P,E7
1:54 PM,G1,E1,G1,G2,G2,G2,G3,D3,G3,F2,F2,F2,F3,P,F3,G5,F4,G5,F5,F5,F5,G6,P,G6,G7,G7,G7,E7,P,E7
1:55 PM,G1,E1,G1,G2,G2,G2,G3,D3,G3,F2,F2,F2,F3,F3,F3,G5,F4,G5,F5,F5,F5,G6,P,G6,G7,G7,G7,E7,E7,E7
1:56 PM,G1,E1,G1,G2,G2,G2,G3,D3,G3,F2,F2,F2,F3,F3,F3,G5,P,G5,F5,F5,F5,G6,G6,G6,G7,G7,G7,E7,E7,E7
1:57 PM,G1,P,G1,G2,G2,G2,G3,D3,G3,F2,F2,F2,F3,F3,F3,G5,P,G5,F5,F5,F5,G6,G6,G6,G7,G7,G7,E7,E7,E7
1:58 PM,G1,P,G1,G2,G2,G2,G3,D3,G3,F2,F2,F2,F3,F3,F3,G5,P,G5,F5,F5,F5,G6,G6,G6,G7,G7,G7,E7,E7,E7
1:59 PM,G1,P,G1,G2,G2,G2,G3,D3,G3,F2,F2,F2,F3,F3,F3,G5,P,G5,F5,F5,F5,G6,G6,G6,G7,G7,G7,E7,E7,E7
2:00 PM,G1,G1,G1,G2,G2,G2,G3,P,G3,F2,F2,F2,F3,F3,F3,G5,G5,G5,F5,F5,F5,G6,G6,G6,G7,G7,G7,E7,E7,E7
2:01 PM,G1,G1,G1,G2,G2,G2,G3,P,G3,F2,F2,F2,F3,F3,F3,G5,G5,G5,F5,F5,F5,G6,G6,G6,G7,G7,G7,E7,E7,E7
2:02 PM,G1,G1,G1,G2,G2,G2,G3,P,G3,F2,F2,F2,F3,F3,F3,G5,G5,G5,F5,F5,F5,G6,G6,G6,G7,G7,G7,E7,E7,E7
2:03 PM,G1,G1,G1,G2,G2,G2,G3,P,G3,F2,F2,F2,F3,F3,F3,G5,G5,G5,F5,F5,F5,G6,G6,G6,G7,G7,G7,E7,E7,E7
2:04 PM,G1,G1,G1,G2,G2,G2,G3,P,G3,F2,F2,F2,F3,F3,F3,G5,G5,G5,F5,F5,F5,G6,G6,G6,G7,G7,G7,E7,E7,E7
2:05 PM,G1,G1,G1,G2,G2,G2,G3,G3,G3,F2,F2,F2,F3,F3,F3,G5,G5,G5,F5,F5,F5,G6,G6,G6,G7,G7,G7,E7,E7,E7
2:06 PM,G1,G1,G1,G2,G2,G2,G3,G3,G3,F2,F2,F2,F3,F3,F3,G5,G5,G5,F5,F5,F5,G6,G6,G6,G7,G7,G7,E7,E7,E7
2:07 PM,G1,G1,G1,G2,G2,G2,G3,G3,G3,F2,F2,F2,F3,F3,F3,G5,G5,G5,F5,F5,F5,G6,G6,G6,G7,G7,G7,E7,E7,E7
2:08 PM,G1,G1,G1,G2,G2,G2,G3,G3,G3,F2,F2,F2,F3,F3,F3,G5,G5,G5,F5,F5,F5,G6,G6,G6,G7,G7,G7,E7,E7,E7
2:09 PM,G1,G1,G1,G2,G2,G2,G3,G3,G3,F2,F2,F2,F3,F3,F3,G5,G5,G5,F5,F5,F5,G6,G6,G6,G7,G7,G7,E7,E7,E7
2:10 PM,G1,G1,G1,G2,G2,G2,G3,G3,G3,F2,F2,F2,F3,F3,F3,G5,G5,G5,F5,F5,F5,G6,G6,G6,G7,G7,G7,E7,E7,E7
2:11 PM,G1,G1,G1,G2,G2,G2,G3,G3,G3,F2,F2,F2,F3,F3,F3,G5,G5,G5,F5,F5,F5,G6,G6,G6,G7,G7,G7,E7,E7,E7
2:12 PM,G1,G1,G1,G2,G2,G2,G3,G3,G3,F2,F2,F2,F3,F3,F3,G5,G5,G5,F5,F5,F5,G6,G6,G6,G7,G7,G7,E7,E7,E7
2:13 PM,G1,G1,G1,G2,G2,G2,G3,G3,G3,F2,F2,F2,F3,F3,F3,G5,G5,G5,F5,F5,F5,G6,G6,G6,G7,G7,G7,E7,E7,E7
2:14 PM,G1,G1,G1,G2,G2,G2,G3,G3,G3,F2,F2,F2,F3,F3,F3,G5,G5,G5,F5,F5,F5,G6,G6,G6,G7,G7,G7,E7,E7,E7
2:15 PM,G1,G1,G1,G2,G2,G2,G3,G3,G3,F2,F2,F2,F3,F3,F3,G5,G5,G5,F5,F5,F5,G6,G6,G6,G7,G7,G7,E7,E7,E7
2:16 PM,G1,G1,G1,G2,G2,G2,G3,G3,G3,F2,F2,F2,F3,F3,F3,G5,G5,G5,F5,F5,F5,G6,G6,G6,G7,G7,G7,E7,E7,E7
2:17 PM,G1,G1,G1,G2,G2,G2,G3,G3,G3,F2,F2,F2,F3,F3,F3,G5,G5,G5,F5,F5,F5,G6,G6,G6,G7,G7,G7,E7,E7,E7
2:18 PM,G1,G1,G1,G2,G2,G2,G3,G3,G3,F2,F2,F2,F3,F3,F3,G5,G5,G5,F5,F5,F5,G6,G6,G6,G7,G7,G7,E7,E7,E7
2:19 PM,G1,G1,G1,G2,G2,G2,G3,G3,G3,F2,F2,F2,F3,F3,F3,G5,G5,G5,F5,F5,F5,G6,G6,G6,G7,G7,G7,E7,E7,E7
2:20 PM,G1,G1,G1,G2,G2,G2,G3,G3,G3,F2,F2,F2,F3,F3,F3,G5,G5,G5,F5,F5,F5,G6,G6,G6,G7,G7,G7,E7,E7,E7
2:21 PM,G1,G1,G1,G2,G2,G2,G3,G3,G3,F2,F2,F2,F3,F3,F3,G5,G5,G5,F5,F5,F5,G6,G6,G6,G7,G7,G7,E7,E7,E7
2:22 PM,G1,G1,G1,G2,G2,G2,G3,G3,G3,F2,F2,F2,F3,F3,F3,G5,G5,G5,F5,F5,F5,G6,G6,G6,G7,G7,G7,E7,E7,E7
2:23 PM,G1,G1,G1,G2,G2,G2,G3,G3,G3,F2,F2,F2,F3,F3,F3,G5,G5,G5,F5,F5,F5,G6,G6,G6,G7,G7,G7,E7,E7,E7
2:24 PM,G1,G1,G1,G2,G2,G2,G3,G3,G3,F2,F2,F2,F3,F3,F3,G5,G5,G5,F5,F5,F5,G6,G6,G6,G7,G7,G7,E7,E7,E7
2:25 PM,G1,G1,G1,G2,G2,G2,G3,G3,G3,F2,F2,F2,F3,F3,F3,G5,G5,G5,F5,F5,F5,G6,G6,G6,G7,G7,G7,E7,E7,E7
2:26 PM,G1,G1,G1,G2,G2,G2,G3,G3,G3,F2,F2,F2,F3,F3,F3,G5,G5,G5,F5,F5,F5,G6,G6,G6,G7,G7,G7,E7,E7,E7
2:27 PM,G1,G1,G1,G2,G2,G2,G3,G3,G3,F2,F2,F2,F3,F3,F3,G5,G5,G5,F5,F5,F5,G6,G6,G6,G7,G7,G7,E7,E7,E7
2:28 PM,G1,G1,G1,G2,G2,G2,G3,G3,G3,F2,F2,F2,F3,F3,F3,G5,G5,G5,F5,F5,F5,G6,G6,G6,G7,G7,G7,E7,E7,E7
2:29 PM,G1,G1,G1,G2,G2,G2,G3,G3,G3,F2,F2,F2,F3,F3,F3,G5,G5,G5,F5,F5,F5,G6,G6,G6,G7,G7,G7,E7,E7,E7
2:30 PM,G1,G1,G1,G2,G2,G2,G3,G3,G3,F2,F2,F2,F3,F3,F3,G5,G5,G5,,F5,,G6,G6,G6,G7,G7,G7,E7,E7,E7
2:31 PM,G1,G1,G1,G2,G2,G2,G3,G3,G3,F2,F2,F2,F3,F3,F3,G5,G5,G5,,F5,,G6,G6,G6,G7,G7,G7,E7,E7,E7
2:32 PM,G1,G1,G1,G2,G2,G2,G3,G3,G3,F2,F2,F2,F3,F3,F3,G5,G5,G5,,F5,,G6,G6,G6,G7,G7,G7,E7,E7,E7
2:33 PM,G1,G1,G1,G2,G2,G2,G3,G3,G3,F2,F2,F2,F3,F3,F3,G5,G5,G5,,F5,,G6,G6,G6,G7,G7,G7,E7,E7,E7
2:34 PM,G1,G1,G1,G2,G2,G2,G3,G3,G3,F2,F2,F2,F3,F3,F3,G5,G5,G5,,F5,,G6,G6,G6,G7,G7,G7,E7,E7,E7
2:35 PM,G1,G1,G1,,G2,,G3,G3,G3,F2,F2,F2,F3,F3,F3,G5,G5,G5,,F5,,G6,G6,G6,G7,G7,G7,E7,E7,E7
2:36 PM,G1,G1,G1,,G2,,G3,G3,G3,F2,F2,F2,F3,F3,F3,G5,G5,G5,,F5,,G6,G6,G6,G7,G7,G7,E7,E7,E7
2:37 PM,G1,G1,G1,,G2,,G3,G3,G3,F2,F2,F2,F3,F3,F3,G5,G5,G5,,F5,,G6,G6,G6,G7,G7,G7,E7,E7,E7
2:38 PM,G1,G1,G1,,G2,,G3,G3,G3,F2,F2,F2,F3,F3,F3,G5,G5,G5,,F5,,G6,G6,G6,G7,G7,G7,E7,E7,E7
2:39 PM,G1,G1,G1,,G2,,G3,G3,G3,F2,F2,F2,F3,F3,F3,G5,G5,G5,,F5,,G6,G6,G6,G7,G7,G7,E7,E7,E7
2:40 PM,G1,G1,G1,,G2,,G3,G3,G3,F2,F2,F2,,F3,,G5,G5,G5,,F5,,G6,G6,G6,G7,G7,G7,,E7,
2:41 PM,G1,G1,G1,,G2,,G3,G3,G3,F2,F2,F2,,F3,,G5,G5,G5,,F5,,G6,G6,G6,G7,G7,G7,,E7,
2:42 PM,G1,G1,G1,,G2,,G3,G3,G3,F2,F2,F2,,F3,,G5,G5,G5,,F5,,G6,G6,G6,G7,G7,G7,,E7,
2:43 PM,G1,G1,G1,,G2,,G3,G3,G3,F2,F2,F2,,F3,,G5,G5,G5,,F5,,G6,G6,G6,G7,G7,G7,,E7,
2:44 PM,G1,G1,G1,,G2,,G3,G3,G3,F2,F2,F2,,F3,,G5,G5,G5,,F5,,G6,G6,G6,G7,G7,G7,,E7,
2:45 PM,G1,G1,G1,,G2,,,G3,,,,,,F3,,G5,G5,G5,,F5,,,G6,,G7,G7,G7,,E7,
2:46 PM,G1,G1,G1,,G2,,,G3,,,,,,F3,,G5,G5,G5,,F5,,,G6,,G7,G7,G7,,E7,
2:47 PM,G1,G1,G1,,G2,,,G3,,,,,,F3,,G5,G5,G5,,F5,,,G6,,G7,G7,G7,,E7,
2:48 PM,G1,G1,G1,,G2,,,G3,,,,,,F3,,G5,G5,G5,,F5,,,G6,,G7,G7,G7,,E7,
2:49 PM,G1,G1,G1,,G2,,,G3,,,,,,F3,,G5,G5,G5,,F5,,,G6,,G7,G7,G7,,E7,
2:50 PM,,G1,,,,,,G3,,,,,,F3,,,G5,,,,,,G6,,,G7,,,E7,
2:51 PM,,G1,,,,,,G3,,,,,,F3,,,G5,,,,,,G6,,,G7,,,E7,
2:52 PM,,G1,,,,,,G3,,,,,,F3,,,G5,,,,,,G6,,,G7,,,E7,
2:53 PM,,G1,,,,,,G3,,,,,,F3,,,G5,,,,,,G6,,,G7,,,E7,
2:54 PM,,G1,,,,,,G3,,,,,,F3,,,G5,,,,,,G6,,,G7,,,E7,
2:55 PM,,G1,,,,,,G3,,,,,,F3,,,G5,,,,,,G6,,,,,,E7,
2:56 PM,,G1,,,,,,G3,,,,,,F3,,,G5,,,,,,G6,,,,,,E7,
2:57 PM,,G1,,,,,,G3,,,,,,F3,,,G5,,,,,,G6,,,,,,E7,
2:58 PM,,G1,,,,,,G3,,,,,,F3,,,G5,,,,,,G6,,,,,,E7,
2:59 PM,,G1,,,,,,G3,,,,,,F3,,,G5,,,,,,G6,,,,,,E7,
3:00 PM,,,,,,,,,,,,,,,,,,,,,,,,,,,,,,